"","measure","Year","Waterway 1","Waterway 2","Waterway 3","Waterway 4"
"1","1,2,3-Trichlorobenzene","2008",0.00171470588235294,0,0,0
"2","1,2,3-Trichlorobenzene","2009",0.001,0,0,0
"3","1,2,4-Trichlorobenzene","2008",0.001,0,0,0
"4","1,2,4-Trichlorobenzene","2009",0.001,0,0,0
"5","Acenaphthene","2008",0.00405941176470588,0,0,0
"6","Acenaphthene","2009",0.003,0,0,0
"7","Acenaphthylene","2008",0.004,0,0,0
"8","Acenaphthylene","2009",0.004,0,0,0
"9","AGOC-3A","2014",0.446344,0.422627906976744,0,0
"10","AGOC-3A","2015",3.72807339449541,0.489055555555556,0,0
"11","AGOC-3A","2016",0.237844827586207,0.290155555555556,0,0
"12","Alachlor","2005",0.117924242424242,0.0881875,0,0
"13","Alachlor","2006",0.22828901734104,0.19,0,0
"14","Alachlor","2007",0.0812080924855491,0.0806041666666667,0,0
"15","Alachlor","2009",0.025,0.025,0,0
"16","Aldrin","2005",0.0104109589041096,0.0282702702702703,0,0
"17","Aldrin","2006",0.102774834437086,0.100710526315789,0,0
"18","Aldrin","2007",0.0255317919075145,0.0268541666666667,0,0
"19","Aldrin","2008",0.0255923076923077,0.025,0,0
"20","Aldrin","2009",0.00394230769230769,0.018,0.009,0
"21","alpha-Hexachlorocyclohexane","2005",0.0326804733727811,0.0438372093023256,0,0
"22","alpha-Hexachlorocyclohexane","2006",0.0147037037037037,0.0156470588235294,0,0
"23","alpha-Hexachlorocyclohexane","2007",0.00895375722543353,0.00828260869565217,0,0
"24","alpha-Hexachlorocyclohexane","2012",0.01,0,0,0
"25","Aluminium","2008",37.0923076923077,48.3285714285714,0,0
"26","Aluminium","2009",168.625,163.805555555556,0,0
"27","Aluminium","2010",68.1428571428571,83.75,0,0
"28","Aluminium","2014",0,0,0,0
"29","Ammonium","1998",0.453235294117647,0.499444444444444,0,0
"30","Ammonium","1999",0.504173228346457,0.664897959183673,0,0
"31","Ammonium","2000",0.654656488549618,0.6575,0,0
"32","Ammonium","2001",0.453070175438597,0.328837209302326,0,0
"33","Ammonium","2002",0.531315789473684,0.2916,0,0
"34","Ammonium","2003",0.502627659574468,0.519166666666667,0,0
"35","Ammonium","2004",0.410516304347826,0.380744186046512,0,0
"36","Ammonium","2005",0.451024509803922,0.391083333333333,0,0
"37","Ammonium","2006",0.512048258706468,0.5565,0,0
"38","Ammonium","2007",0.455125555555556,0.370908333333333,0,0
"39","Ammonium","2008",0.473939459459459,0.360197916666667,0,0
"40","Ammonium","2009",0.467038461538462,0.185565079365079,0.6235,0.143666666666667
"41","Ammonium","2010",0.386005102040816,0.195933333333333,1.11804166666667,0.651833333333333
"42","Ammonium","2011",0.346756038647343,0.151144444444444,0.287909090909091,0.135166666666667
"43","Ammonium","2012",0.297433516483517,0.154690361445783,0.777347826086957,0.17925
"44","Ammonium","2013",0.274641397849462,0.143813513513514,1.20976923076923,0.186954545454545
"45","Ammonium","2014",0.328071320754717,0.210297027027027,5.80271428571429,0.370192307692308
"46","Ammonium","2015",0.21777962962963,0.213878378378378,1.05516666666667,0.312192307692308
"47","Ammonium","2016",0.147341509433962,0.105527027027027,1.06025,0.132884615384615
"48","Anionic active surfactants","1999",0.0538095238095238,0.0826666666666667,0,0
"49","Anionic active surfactants","2000",0.0829770992366412,0.0952083333333333,0,0
"50","Anionic active surfactants","2001",0.0856862745098039,0.140697674418605,0,0
"51","Anionic active surfactants","2002",0.089,0.062,0,0
"52","Anionic active surfactants","2003",0.0390762711864407,0.0432727272727273,0,0
"53","Anionic active surfactants","2004",0.0268785714285714,0,0,0
"54","Anionic active surfactants","2005",0.0407421052631579,0.0525055555555556,0,0
"55","Anionic active surfactants","2006",0.0696229007633588,0.0954741935483871,0,0
"56","Anionic active surfactants","2007",0.0821740740740741,0.11130119047619,0,0
"57","Anionic active surfactants","2008",0.0659632258064516,0.100520833333333,0,0
"58","Anionic active surfactants","2009",0.0665518518518518,0.0836152542372881,0.0717777777777778,0.031125
"59","Anionic active surfactants","2010",0.0781707547169811,0.0600733333333333,0.158333333333333,0.035625
"60","Anionic active surfactants","2011",0.00140845070422535,0,0.0236666666666667,0
"61","Anionic active surfactants","2012",0,0.0374615384615385,0.023,0
"62","Anionic active surfactants","2013",0.0716952380952381,0,0.0241616666666667,0
"63","Anionic active surfactants","2014",0.106731958762887,0,0.023075,0
"64","Anionic active surfactants","2015",0.0943333333333333,0,0,0
"65","Anionic active surfactants","2016",0.105822916666667,0,0,0.021
"66","Anthracene","2008",0.00871082352941177,0,0,0
"67","Anthracene","2009",0.0056156862745098,0.00783333333333333,0.002,0
"68","AOX","1998",0,0,0,0
"69","AOX","2008",17.2837209302326,23.5571428571429,0,0
"70","AOX","2009",0,0,0,0
"71","AOX","2010",21.3883720930233,0,0,0
"72","AOX","2013",25.875,0,0,0
"73","AOX","2016",17.9,0,0,0
"74","Arsenic","1998",0,0,0,0
"75","Arsenic","2004",0.847,0.622,0,0
"76","Arsenic","2008",0.519482142857143,0.4975,0,0
"77","Arsenic","2009",1.0458064516129,1.05170731707317,0,1.01
"78","Arsenic","2010",1.25485714285714,1.03433333333333,0,0
"79","Arsenic","2011",1.41659090909091,1.32222222222222,2.26,1
"80","Arsenic","2012",0.753333333333333,0.865,0,0
"81","Arsenic","2013",0.482352941176471,0.35,0,0
"82","Arsenic","2014",1.23224050632911,1.72608695652174,0,1.83
"83","Arsenic","2015",1.89166666666667,2.275,4.4678,2.054
"84","Arsenic","2016",2.21081081081081,2.19166666666667,0,2.61666666666667
"85","Atrazine","1998",0,0,0,0
"86","Atrazine","1999",0,0.0433333333333333,0,0
"87","Atrazine","2000",0.0423529411764706,0.04,0,0
"88","Atrazine","2001",0.0208518518518519,0.0199130434782609,0,0
"89","Atrazine","2002",0,0,0,0
"90","Atrazine","2003",0,0,0,0
"91","Atrazine","2004",0.0576666666666667,0.073,0,0
"92","Atrazine","2005",0.070425,0.069741935483871,0,0
"93","Atrazine","2006",0.145765714285714,0.149659090909091,0,0
"94","Atrazine","2007",0.0736763005780347,0.0751041666666667,0,0
"95","Atrazine","2008",0.5,0.5,0,0
"96","Atrazine","2009",0.5,0.5,0.05,0
"97","Atrazine","2010",0.5,0.5,0,0
"98","Atrazine","2012",0,0,0,0
"99","Atrazine","2013",0,0,0,0
"100","Atrazine","2014",0.0147952,0.00349180327868852,0,0
"101","Atrazine","2015",0,0,0,0
"102","Atrazine","2016",0,0,0,0
"103","Barium","2008",23.5934782608696,24.929,0,0
"104","Barium","2009",48.2352941176471,57,0,0
"105","Barium","2012",28,28,0,0
"106","Benzo(a)anthracene","2008",0.00378823529411765,0,0,0
"107","Benzo(a)anthracene","2009",0.00288235294117647,0,0.0035,0
"108","Benzo(a)pyrene","2003",0.001,0.001,0,0
"109","Benzo(a)pyrene","2008",0.00754176470588235,0,0,0
"110","Benzo(a)pyrene","2009",0.00617647058823529,0,0.002,0
"111","Benzo(b)fluoranthene","2003",0.001,0.001,0,0
"112","Benzo(b)fluoranthene","2008",0.00807411764705882,0,0,0
"113","Benzo(b)fluoranthene","2009",0.00617647058823529,0.00933333333333333,0.0021,0
"114","Benzo(g,h,i)perylene","2003",0.001,0.0015,0,0
"115","Benzo(g,h,i)perylene","2009",0.004,0.004,0.002,0
"116","Benzo(k)fluoranthene","2003",0.001,0.001,0,0
"117","Benzo(k)fluoranthene","2008",0.00753647058823529,0,0,0
"118","Benzo(k)fluoranthene","2009",0.00617647058823529,0,0.0021,0
"119","Berilium","2012",0,0,0,0
"120","beta-Hexaxchlorocyclohexane","2005",0.0937584269662921,0.107911111111111,0,0
"121","beta-Hexaxchlorocyclohexane","2006",0.0448789808917197,0.0363421052631579,0,0
"122","beta-Hexaxchlorocyclohexane","2007",0.00991329479768786,0.006125,0,0
"123","Bicarbonates","1999",202.080909090909,188.124666666667,0,0
"124","Bicarbonates","2000",173.702290076336,157.666666666667,0,0
"125","Bicarbonates","2001",179.469298245614,157.317906976744,0,0
"126","Bicarbonates","2002",156.529473684211,134.978,0,0
"127","Bicarbonates","2003",180.765245901639,176.5625,0,0
"128","Bicarbonates","2004",181.166560509554,155.648837209302,0,0
"129","Bicarbonates","2005",190.594345232143,185.116665229167,0,0
"130","Bicarbonates","2006",194.924848484848,204.302222222222,0,0
"131","Bicarbonates","2007",188.411283783784,188.491666666667,0,0
"132","Bicarbonates","2008",200.012894736842,200.291875,0,0
"133","Bicarbonates","2009",185.965753424658,133.472,279.009090909091,143.97
"134","Bicarbonates","2010",185.286511627907,0,323.725,0
"135","Bicarbonates","2011",185.344487179487,191.451041666667,226.408333333333,175.14
"136","Bicarbonates","2012",190.746818181818,0,235.563636363636,0
"137","Bicarbonates","2013",198.891458333333,0,253.898333333333,0
"138","Bicarbonates","2014",179.483888888889,166.056904761905,239.072272727273,150.316333333333
"139","Bicarbonates","2015",188.541625,175.218780487805,230.029083333333,180.731
"140","Bicarbonates","2016",185.674024691358,177.105714285714,242.98425,141.788888888889
"141","Biochemical Oxygen","1998",4.12617647058824,3.445,0,0
"142","Biochemical Oxygen","1999",3.92629921259843,3.66551020408163,0,0
"143","Biochemical Oxygen","2000",4.40229007633588,4.36666666666667,0,0
"144","Biochemical Oxygen","2001",3.56894736842105,3.22255813953488,0,0
"145","Biochemical Oxygen","2002",3.85872093023256,3.22340425531915,0,0
"146","Biochemical Oxygen","2003",2.71706586826347,1.98829268292683,0,0
"147","Biochemical Oxygen","2004",2.98352272727273,2.31627906976744,0,0
"148","Biochemical Oxygen","2005",2.55299019607843,2.52916666666667,0,0
"149","Biochemical Oxygen","2006",2.35190476190476,2.79583333333333,0,0
"150","Biochemical Oxygen","2007",2.46521264367816,2.55479166666667,0,0
"151","Biochemical Oxygen","2008",2.32604395604396,2.7875,0,0
"152","Biochemical Oxygen","2009",2.3157671957672,2.41349206349206,4.75833333333333,4.60545454545455
"153","Biochemical Oxygen","2010",2.15443113772455,2.15516666666667,3.01333333333333,4.29916666666667
"154","Biochemical Oxygen","2011",1.87415094339623,2.1877027027027,4.91916666666667,3.08181818181818
"155","Biochemical Oxygen","2012",2.34127071823204,2.47222222222222,3.64454545454545,2.6925
"156","Biochemical Oxygen","2013",1.95826086956522,2.43281690140845,3.18230769230769,4.0125
"157","Biochemical Oxygen","2014",1.95641148325359,2.16594594594595,5.51330769230769,3.47583333333333
"158","Biochemical Oxygen","2015",1.86339534883721,2.16344594594595,6.89333333333333,3.08181818181818
"159","Biochemical Oxygen","2016",1.87943127962085,1.72878378378378,10.1591666666667,3.64545454545455
"160","Boron","2012",34.75,36.8,0,0
"161","Cadmium","1998",0.793269230769231,0.579473684210526,0,0
"162","Cadmium","1999",2.65060606060606,2.90679245283019,0,0
"163","Cadmium","2000",1.76453237410072,1.35,0,0
"164","Cadmium","2001",3.42463917525773,4.57285714285714,0,0
"165","Cadmium","2002",0.911071428571429,0.926216216216216,0,0
"166","Cadmium","2003",1.60109433962264,2.37092682926829,0,0
"167","Cadmium","2004",1.33012365591398,0.4739375,0,0
"168","Cadmium","2005",2.62646626404494,0.812975609756098,0,0
"169","Cadmium","2006",1.23284472049689,0.357075,0,0
"170","Cadmium","2007",1.93326519337017,0.5115625,0,0
"171","Cadmium","2008",1.06138775510204,0.906533333333333,0,0
"172","Cadmium","2009",0.984516129032258,1.61409090909091,0,0.3
"173","Cadmium","2010",0.669837795275591,0.244666666666667,0.333333333333333,3.68
"174","Cadmium","2011",0.501008527131783,0.105909090909091,0.25,1.798
"175","Cadmium","2012",0.259511666666667,0.16,0,0.689166666666667
"176","Cadmium","2013",0.0577078431372549,0,0,0.365454545454545
"177","Cadmium","2014",0.0308481012658228,0.0243478260869565,0,0.0928571428571429
"178","Cadmium","2015",0.0147222222222222,0.00475,0,0.352
"179","Cadmium","2016",0.12178375,0.257505769230769,0,0
"180","Calcium","1998",56.3193137254902,60.4583333333333,0,0
"181","Calcium","1999",60.6815748031496,61.9395918367347,0,0
"182","Calcium","2000",59.9954198473282,60.8395833333333,0,0
"183","Calcium","2001",60.2956140350877,62.1906976744186,0,0
"184","Calcium","2002",53.0383157894737,53.9482,0,0
"185","Calcium","2003",53.9492222222222,54.6708333333333,0,0
"186","Calcium","2004",48.8077564102564,45.8283720930233,0,0
"187","Calcium","2005",51.5136309285714,52.3472915625,0,0
"188","Calcium","2006",54.4776363636364,60.0270833333333,0,0
"189","Calcium","2007",54.7841891891892,51.9104166666667,0,0
"190","Calcium","2008",54.1597419354839,51.6279166666667,0,0
"191","Calcium","2009",51.1488888888889,51.506,0,51.79
"192","Calcium","2010",53.629375,53.537,110.8,57.0291666666667
"193","Calcium","2011",45.0228712871287,51.8442592592593,0,50.625
"194","Calcium","2012",55.5132203389831,50.5985,0,49.77175
"195","Calcium","2013",55.0193798449612,54.9717857142857,89.5708333333333,58.2633333333333
"196","Calcium","2014",49.9952564102564,50.8291666666667,78.15,64.635
"197","Calcium","2015",51.4719847328244,51.5926666666667,86.0649166666667,55.3125
"198","Calcium","2016",52.19325,53.5686885245902,87.6610833333333,47.068
"199","Carbonates","2005",41.4000015,40.2000016,0,0
"200","Carbonates","2007",14.1528571428571,7.5,0,0
"201","Carbonates","2008",10.5828571428571,13.845,0,0
"202","Carbonates","2015",0,140.3,0,0
"203","Cesium","1998",0.00980392156862745,0,0,0
"204","Chemical Oxygen Demand (Cr)","1998",9.70445544554456,5.32222222222222,0,0
"205","Chemical Oxygen Demand (Cr)","1999",18.1564423076923,24.6121951219512,0,0
"206","Chemical Oxygen Demand (Cr)","2000",19.1022900763359,25.83125,0,0
"207","Chemical Oxygen Demand (Cr)","2001",16.7745283018868,18.0860465116279,0,0
"208","Chemical Oxygen Demand (Cr)","2002",24.8916030534351,33.4418604651163,0,0
"209","Chemical Oxygen Demand (Cr)","2003",15.2323728813559,20.8181818181818,0,0
"210","Chemical Oxygen Demand (Cr)","2004",22.2113714285714,32.445,0,0
"211","Chemical Oxygen Demand (Cr)","2005",9.86310340229885,0,0,0
"212","Chemical Oxygen Demand (Cr)","2006",18.9570086206897,23.8608695652174,0,0
"213","Chemical Oxygen Demand (Cr)","2007",21.9968831168831,33.8382978723404,0,0
"214","Chemical Oxygen Demand (Cr)","2008",21.7671270718232,32.2334042553192,0,0
"215","Chemical Oxygen Demand (Cr)","2009",19.0510752688172,22.3298412698413,48.3383333333333,26.301
"216","Chemical Oxygen Demand (Cr)","2010",19.9892700729927,23.7688333333333,63.2041666666667,21.5875
"217","Chemical Oxygen Demand (Cr)","2011",18.643935483871,18.5165333333333,58.0772727272727,16.0575
"218","Chemical Oxygen Demand (Cr)","2012",20.0484328358209,19.3355555555556,53.1181818181818,23.2733333333333
"219","Chemical Oxygen Demand (Cr)","2013",21.5657894736842,25.3196721311475,68.6462307692308,24.7475
"220","Chemical Oxygen Demand (Cr)","2014",17.8665359477124,17.0933333333333,39.1702307692308,31.1583333333333
"221","Chemical Oxygen Demand (Cr)","2015",20.336641221374,15.242,60.0265,29.425
"222","Chemical Oxygen Demand (Cr)","2016",20.0693129770992,18.3226229508197,83.72325,38.2818181818182
"223","Chemical Oxygen Demand (Mn)","1998",4.87137254901961,5.85388888888889,0,0
"224","Chemical Oxygen Demand (Mn)","1999",6.55031496062992,6.89183673469388,0,0
"225","Chemical Oxygen Demand (Mn)","2000",6.28167938931298,6.67916666666667,0,0
"226","Chemical Oxygen Demand (Mn)","2001",5.10421052631579,4.54325581395349,0,0
"227","Chemical Oxygen Demand (Mn)","2002",5.9724861878453,5.85957446808511,0,0
"228","Chemical Oxygen Demand (Mn)","2003",5.27361581920904,5.73931818181818,0,0
"229","Chemical Oxygen Demand (Mn)","2004",4.97493670886076,4.74418604651163,0,0
"230","Chemical Oxygen Demand (Mn)","2005",4.26091891891892,4.11463414634146,0,0
"231","Chemical Oxygen Demand (Mn)","2006",4.21825136612022,4.75229166666667,0,0
"232","Chemical Oxygen Demand (Mn)","2007",4.16283783783784,4.77833333333333,0,0
"233","Chemical Oxygen Demand (Mn)","2008",3.64062111801242,4.15729166666667,0,0
"234","Chemical Oxygen Demand (Mn)","2009",3.37044871794872,3.84920634920635,8.16083333333333,11.2045454545455
"235","Chemical Oxygen Demand (Mn)","2010",3.37923664122137,3.82933333333333,7.21,10.0191666666667
"236","Chemical Oxygen Demand (Mn)","2011",3.37529032258064,3.2208,6.02,5.69833333333333
"237","Chemical Oxygen Demand (Mn)","2012",4.075390625,3.97814285714286,0,7.96641666666667
"238","Chemical Oxygen Demand (Mn)","2013",3.83187969924812,4.51032786885246,5.60538461538462,5.72
"239","Chemical Oxygen Demand (Mn)","2014",3.63023489932886,4.28537037037037,8.31846153846154,5.38461538461539
"240","Chemical Oxygen Demand (Mn)","2015",3.84038167938931,4.65290909090909,5.14525,5.44444444444444
"241","Chemical Oxygen Demand (Mn)","2016",3.74760683760684,4.60614035087719,6.53311111111111,6.15454545454545
"242","Chlorides","1998",31.8343137254902,48.9788888888889,0,0
"243","Chlorides","1999",39.067874015748,42.6008163265306,0,0
"244","Chlorides","2000",39.5045801526718,50.2166666666667,0,0
"245","Chlorides","2001",34.864298245614,43.0713953488372,0,0
"246","Chlorides","2002",33.8407368421053,55.316,0,0
"247","Chlorides","2003",31.0356084656085,44.1229166666667,0,0
"248","Chlorides","2004",30.5319018404908,37.6627906976744,0,0
"249","Chlorides","2005",39.4327084635417,81.7416671458333,0,0
"250","Chlorides","2006",34.6722051282051,50.1835416666667,0,0
"251","Chlorides","2007",30.6977575757576,41.014375,0,0
"252","Chlorides","2008",28.9742580645161,38.471875,0,0
"253","Chlorides","2009",33.3798823529412,49.1968518518519,243.26,64.4444444444444
"254","Chlorides","2010",33.0045,34.65,190.9,90.8808333333333
"255","Chlorides","2011",30.3473469387755,29.8252380952381,137.2,70.5090909090909
"256","Chlorides","2012",28.31712,29.1755769230769,157.5,50.3516666666667
"257","Chlorides","2013",31.4627795275591,54.575,218.323666666667,76.6976923076923
"258","Chlorides","2014",25.4167692307692,61.8386666666667,259.539818181818,102.16375
"259","Chlorides","2015",24.8357615384615,43.4590163934426,185.438916666667,76.8533333333333
"260","Chlorides","2016",25.096213740458,34.5527868852459,168.56475,63.5555555555556
"261","Chlorodinine","2014",0.244728,0.253651162790698,0,0
"262","Chlorodinine","2015",0.249889908256881,0.248,0,0
"263","Chlorodinine","2016",0.0307413793103448,0.0298,0,0
"264","Chromium","1998",10.9673076923077,20.3578947368421,0,0
"265","Chromium","1999",11.6360902255639,12.9437735849057,0,0
"266","Chromium","2000",15.3043165467626,16.6844230769231,0,0
"267","Chromium","2001",16.0614414414414,16.2088095238095,0,0
"268","Chromium","2002",8.71510791366907,8.89666666666667,0,0
"269","Chromium","2003",4.72339506172839,3.26788636363636,0,0
"270","Chromium","2004",3.16069565217391,3.27777083333333,0,0
"271","Chromium","2005",2.70312688832487,2.9116875,0,0
"272","Chromium","2006",2.51624102564103,2.32829166666667,0,0
"273","Chromium","2007",3.81902762430939,3.31585416666667,0,0
"274","Chromium","2008",3.00326530612245,3.585,0,0
"275","Chromium","2009",4.9291935483871,5.30227272727273,1.025,14.6
"276","Chromium","2010",5.67469133858268,4.22931034482759,1.68125,13.7272727272727
"277","Chromium","2011",2.89504108527132,2.57142857142857,3.56,18.2727272727273
"278","Chromium","2012",3.43312333333333,1.1,0,19.75
"279","Chromium","2013",1.12845098039216,0,0,2.37333333333333
"280","Chromium","2014",1.22744303797468,1.10917391304348,0,0.344285714285714
"281","Chromium","2015",1.82325,1.48641666666667,0,0.632
"282","Chromium","2016",2.20444444444444,1.63125,0,0
"283","Chrysene","2008",0.003,0,0,0
"284","Chrysene","2009",0.003,0,0,0
"285","Copper","1998",15.7701923076923,22.4052631578947,0,0
"286","Copper","1999",22.9375939849624,33.637358490566,0,0
"287","Copper","2000",24.7712949640288,28.9888461538462,0,0
"288","Copper","2001",22.7472972972973,23.935,0,0
"289","Copper","2002",24.4245714285714,21.7537837837838,0,0
"290","Copper","2003",18.9446878980892,14.205,0,0
"291","Copper","2004",10.7179777777778,9.59159574468085,0,0
"292","Copper","2005",11.4174314923858,13.3779375208333,0,0
"293","Copper","2006",8.39942051282051,11.1026041666667,0,0
"294","Copper","2007",11.6866574585635,10.9964166666667,0,0
"295","Copper","2008",7.93469387755102,6.24333333333333,0,0
"296","Copper","2009",4.94241935483871,6.28409090909091,4.975,18.95
"297","Copper","2010",6.16724409448819,5.35666666666667,5.58375,8.52875
"298","Copper","2011",8.3075023255814,5.73181818181818,9.8975,4.77
"299","Copper","2012",5.44590833333333,3.395,4.1,11.5766666666667
"300","Copper","2013",3.62575882352941,2.9,0,6.65833333333333
"301","Copper","2014",6.1129746835443,19.5240869565217,0,2.83714285714286
"302","Copper","2015",10.5470833333333,8.61513513513514,0,7.266
"303","Copper","2016",8.80555555555556,8.77361111111111,0,0
"304","Cyanides","2008",0.00205769230769231,0.00304583333333333,0,0
"305","Cyanides","2009",0.00208023255813954,0.0020952380952381,0,0
"306","Cyanides","2010",0.00403541666666667,0.00422857142857143,0,2.7223
"307","Cyanides","2011",0,0,0,0
"308","Cyanides","2012",0,0,0,2.076
"309","Dieldrin","2005",0.0609936305732484,0.106675,0,0
"310","Dieldrin","2006",0.0422857142857143,0.0518529411764706,0,0
"311","Dieldrin","2007",0.017656976744186,0.0161666666666667,0,0
"312","Dieldrin","2009",0.015,0.015,0.008,0
"313","Dissolved organic carbon","2008",5.88,4.0625,0,0
"314","Dissolved organic carbon","2014",0,0,3.75166666666667,0
"315","Dissolved oxygen","1998",7.72386138613861,7.32777777777778,0,0
"316","Dissolved oxygen","1999",8.26977272727273,8.13673469387755,0,0
"317","Dissolved oxygen","2000",8.61515151515152,8.55208333333333,0,0
"318","Dissolved oxygen","2001",8.34675438596491,8.68790697674419,0,0
"319","Dissolved oxygen","2002",8.51069892473118,8.53,0,0
"320","Dissolved oxygen","2003",8.85978494623656,8.72444444444444,0,0
"321","Dissolved oxygen","2004",8.46423913043478,8.5906976744186,0,0
"322","Dissolved oxygen","2005",8.3581862745098,8.77083333333333,0,0
"323","Dissolved oxygen","2006",8.76515,8.34729166666667,0,0
"324","Dissolved oxygen","2007",8.77155555555555,8.68041666666667,0,0
"325","Dissolved oxygen","2008",8.59086486486487,8.65291666666667,0,0
"326","Dissolved oxygen","2009",8.92974358974359,9.07698412698413,11.4908333333333,11.3036363636364
"327","Dissolved oxygen","2010",9.32445121951219,9.38033333333333,9.4275,11.475
"328","Dissolved oxygen","2011",9.02751412429379,9.60373333333333,7.70416666666667,10.2833333333333
"329","Dissolved oxygen","2012",9.06149425287356,9.39259259259259,7.2975,10.9891666666667
"330","Dissolved oxygen","2013",9.19652173913043,9.38236111111111,9.41153846153846,11.1157142857143
"331","Dissolved oxygen","2014",9.16198113207547,9.285,9.0675,10.6846153846154
"332","Dissolved oxygen","2015",9.51022346368715,9.17702702702703,8.75,11.0333333333333
"333","Dissolved oxygen","2016",9.05225806451613,9.46068493150685,7.9575,10.4684615384615
"334","Dissolved silicates","2008",3.824,0,0,0
"335","Dissolved silicates","2009",0,7.26875,3.28777777777778,11.154
"336","Dissolved silicates","2010",0,8.75611538461538,5.92558333333333,14.846
"337","Dissolved silicates","2011",0,5.82555555555556,0,0
"338","Dissolved silicates","2013",4.05167597765363,3.21225806451613,0,0
"339","Dissolved silicates","2014",2.48962264150943,2.00944444444444,0,2.813
"340","Dissolved silicates","2015",2.94166666666667,1.83333333333333,0,0
"341","Dissolved silicates","2016",0,2.08333333333333,0,0
"342","Endosulfan (alpha)","2005",0.041648275862069,0.04184375,0,0
"343","Endosulfan (alpha)","2006",0.101969465648855,0.0968378378378378,0,0
"344","Endosulfan (alpha)","2007",0.0171156069364162,0.0105208333333333,0,0
"345","Endosulfan (beta)","2005",0.0070551724137931,0.0334193548387097,0,0
"346","Endosulfan (beta)","2006",0.125392156862745,0.103206896551724,0,0
"347","Endosulfan (beta)","2007",0.036242774566474,0.0192916666666667,0,0
"348","Endrin","2005",0.134541899441341,0.131375,0,0
"349","Endrin","2006",0.0882739726027397,0.0880294117647059,0,0
"350","Endrin","2007",0.0141453488372093,0.0111666666666667,0,0
"351","Endrin","2008",0.025,0,0,0
"352","Endrin","2009",0.0134615384615385,0.073,0.0365,0
"353","Fecal coliforms","1998",0.00227098039215686,0.00951111111111111,0,0
"354","Fecal coliforms","1999",1.10189850746269,0.51464347826087,0,0
"355","Fecal coliforms","2000",1.84915841584158,0.454138888888889,0,0
"356","Fecal coliforms","2001",0.468941176470588,0.115371428571429,0,0
"357","Fecal coliforms","2002",0.18528,0.14,0,0
"358","Fecal coliforms","2003",14.1843367346939,0.4986875,0,0
"359","Fecal coliforms","2004",0.859284210526316,0.04,0,0
"360","Fecal coliforms","2005",0.358819444444444,0.8525,0,0
"361","Fecal coliforms","2006",0.549566153846154,0,0,0
"362","Fecal coliforms","2007",1.19240163934426,1.85586363636364,0,0
"363","Fecal coliforms","2008",12.4456923076923,10.5815,0,0
"364","Fecal coliforms","2009",14.6508016528926,14.454431372549,0,0
"365","Fecal coliforms","2010",32.9408695652174,0.136,0,0
"366","Fecal coliforms","2011",46.5871627906977,0,0,0
"367","Fecal coliforms","2012",1.3911,0,0,0
"368","Fecal coliforms","2013",0.896355555555556,0,0,0
"369","Fecal streptococci","1999",0.13539,0.87125,0,0
"370","Fecal streptococci","2000",0.0236578947368421,0.163620689655172,0,0
"371","Fecal streptococci","2001",0.0158225806451613,0.00815384615384615,0,0
"372","Fecal streptococci","2002",0.00776190476190476,0.001,0,0
"373","Fecal streptococci","2003",0.747081081081081,1.3294,0,0
"374","Fecal streptococci","2004",0.100910256410256,0.033,0,0
"375","Fecal streptococci","2005",0.0900141025641026,0.022165,0,0
"376","Fecal streptococci","2006",0.0259030769230769,0,0,0
"377","Fecal streptococci","2007",0.293009836065574,0.991118181818182,0,0
"378","Fecal streptococci","2008",0.330418181818182,0.591776086956522,0,0
"379","Fecal streptococci","2009",2.67394462809917,0.502072549019608,0,0
"380","Fecal streptococci","2010",4.48536956521739,0.139333333333333,0,0
"381","Fecal streptococci","2011",15.013275,0,0,0
"382","Fecal streptococci","2012",0.2858,0,0,0
"383","Fecal streptococci","2013",0.4238,0,0,0
"384","Fluoranthene","2003",0.001,0.001,0,0
"385","Fluoranthene","2008",0.00483764705882353,0,0,0
"386","Fluoranthene","2009",0.00458823529411765,0.005,0.0045,0
"387","Fluorene","2009",0.005,0,0,0
"388","gamma-Hexachlorocyclohexane","1998",0.00244444444444444,0.002,0,0
"389","gamma-Hexachlorocyclohexane","1999",0.0407785714285714,0.0606375,0,0
"390","gamma-Hexachlorocyclohexane","2000",0.0424615384615385,0.03875,0,0
"391","gamma-Hexachlorocyclohexane","2001",0.125746835443038,0.135454545454545,0,0
"392","gamma-Hexachlorocyclohexane","2002",0.020531914893617,0.0157142857142857,0,0
"393","gamma-Hexachlorocyclohexane","2003",0.0158484848484848,0.00676923076923077,0,0
"394","gamma-Hexachlorocyclohexane","2004",0.0391709401709402,0.0377428571428571,0,0
"395","gamma-Hexachlorocyclohexane","2005",0.0858548387096774,0.122466666666667,0,0
"396","gamma-Hexachlorocyclohexane","2006",0.0369177215189873,0.035452380952381,0,0
"397","gamma-Hexachlorocyclohexane","2007",0.00945664739884393,0.00746808510638298,0,0
"398","gamma-Hexachlorocyclohexane","2008",0.0402105263157895,0.0405555555555556,0,0
"399","gamma-Hexachlorocyclohexane","2009",0.00956481481481481,0.0145714285714286,0.02,0
"400","gamma-Hexachlorocyclohexane","2010",0.0366902654867257,0.05,0,0
"401","gamma-Hexachlorocyclohexane","2012",0,0,0,0
"402","gamma-Hexachlorocyclohexane","2013",0,0,0,0
"403","gamma-Hexachlorocyclohexane","2014",0,0,0,0
"404","gamma-Hexachlorocyclohexane","2015",0,0,0,0
"405","gamma-Hexachlorocyclohexane","2016",0,0,0,0
"406","Heptachlor","2005",0.0070297619047619,0.00620512820512821,0,0
"407","Heptachlor","2006",0.00900751879699248,0.00828125,0,0
"408","Heptachlor","2007",0.00660588235294118,0.00568085106382979,0,0
"409","Heptachloroepoxide","2005",0.00338461538461538,0,0,0
"410","Heptachloroepoxide","2006",0.0139278350515464,0.0156785714285714,0,0
"411","Heptachloroepoxide","2007",0.00530813953488372,0.005,0,0
"412","Hexachlorobenzene","2008",0.02,0,0,0
"413","Hexachlorobenzene","2009",0.00177884615384615,0.0055,0,0
"414","Indeno(1,2,3-c,d)pyrene","2003",0.0231666666666667,0.0015,0,0
"415","Indeno(1,2,3-c,d)pyrene","2009",0.004,0.004,0,0
"416","Inorganic nitrogen","2010",0,1.67833333333333,4.82091304347826,1.46208333333333
"417","Inorganic nitrogen","2013",1.28,0,0,0
"418","Inorganic nitrogen","2015",0,0.15,0,0
"419","Iron","1998",0.592254901960784,2.58277777777778,0,0
"420","Iron","1999",0.88128,1.34428571428571,0,0
"421","Iron","2000",0.942519083969466,1.41041666666667,0,0
"422","Iron","2001",0.94981981981982,1.4352380952381,0,0
"423","Iron","2002",1.30727272727273,1.75131578947368,0,0
"424","Iron","2003",1042.97506329114,1342.96065,0,0
"425","Iron","2004",0.667898421052632,0.733148936170213,0,0
"426","Iron","2005",0.764243781094527,0.811854166666667,0,0
"427","Iron","2006",0.32674358974359,0.450291666666667,0,0
"428","Iron","2007",0.924988950276243,0.939604166666667,0,0
"429","Iron","2008",0.799224489795918,0.815333333333333,0,0
"430","Iron","2009",0.663387096774194,0.601818181818182,0.219,0.4475
"431","Iron","2010",0.425430769230769,0.6284375,0.199,0.561
"432","Iron","2011",0.378164705882353,0.4764,0.106666666666667,0.272
"433","Iron","2012",0.320582051282051,0.2725,0.18,0.0741083333333333
"434","Iron","2013",0.371475,0,0,1.89458333333333
"435","Iron","2014",0.395612903225806,0.360423076923077,0,0.458857142857143
"436","Iron","2015",0.497568333333333,0.43025641025641,0,0.63275
"437","Isodrin","2008",0.025,0,0,0
"438","Isodrin","2009",0.00347058823529412,0.015,0,0
"439","Lead","1998",13.6263461538462,21.5452631578947,0,0
"440","Lead","1999",25.0284732824427,25.0296153846154,0,0
"441","Lead","2000",30.7555395683453,31.2078846153846,0,0
"442","Lead","2001",16.139,14.3894285714286,0,0
"443","Lead","2002",9.88087301587302,7.00757575757576,0,0
"444","Lead","2003",8.34029139072848,5.86127906976744,0,0
"445","Lead","2004",4.28278378378378,3.95960416666667,0,0
"446","Lead","2005",6.87777485863874,9.47577072916667,0,0
"447","Lead","2006",11.9056666666667,11.0341666666667,0,0
"448","Lead","2007",4.53059116022099,4.857,0,0
"449","Lead","2008",2.65755102040816,2.68333333333333,0,0
"450","Lead","2009",1.94037096774194,2.12159090909091,0,49.25
"451","Lead","2010",2.41976141732283,1.66333333333333,2.475,5.47
"452","Lead","2011",3.46092713178295,1.78484848484848,0,18.638
"453","Lead","2012",1.70033333333333,1.56,0,1.73833333333333
"454","Lead","2013",1.30621568627451,1.225,0,2.47454545454545
"455","Lead","2014",1.88150632911392,2.11739130434783,0,1.20714285714286
"456","Lead","2015",1.68333333333333,1.252,0,3.062
"457","Lead","2016",2.58754642857143,2.6553431372549,0,0
"458","Macrozoobenthos","1998",0.766666666666667,0.938888888888889,0,0
"459","Macrozoobenthos","1999",2.0489898989899,2.08384615384615,0,0
"460","Macrozoobenthos","2000",2.02030534351145,2.11104166666667,0,0
"461","Macrozoobenthos","2001",2.03329411764706,2.0875,0,0
"462","Macrozoobenthos","2003",2.28485294117647,2.07416666666667,0,0
"463","Macrozoobenthos","2004",1.93619696969697,2.01857142857143,0,0
"464","Macrozoobenthos","2005",1.99364473684211,2.094,0,0
"465","Macrozoobenthos","2006",2.01960740740741,2.160875,0,0
"466","Macrozoobenthos","2007",1.92782051282051,2.07105263157895,0,0
"467","Macrozoobenthos","2008",1.88833333333333,0,0,0
"468","Macrozoobenthos","2009",2.11,0,0,0
"469","Macrozoobenthos","2010",2.07272727272727,0,0,0
"470","Macrozoobenthos","2011",2.05666666666667,0,0,2.27166666666667
"471","Macrozoobenthos","2012",2.1125,0,2.38,0
"472","Macrozoobenthos","2013",2.13625,2.17777777777778,0,0
"473","Macrozoobenthos","2014",36.3933333333333,36.8833333333333,0,0
"474","Macrozoobenthos","2016",0,2.37,2.205,2.505
"475","Magnesium","1998",15.6012745098039,17.895,0,0
"476","Magnesium","1999",17.3202362204724,18.6822448979592,0,0
"477","Magnesium","2000",18.7221374045802,20.3916666666667,0,0
"478","Magnesium","2001",17.9849122807018,17.0418604651163,0,0
"479","Magnesium","2002",20.8655263157895,23.7384,0,0
"480","Magnesium","2003",18.0234972677596,18.6583333333333,0,0
"481","Magnesium","2004",20.5763057324841,24.9209302325581,0,0
"482","Magnesium","2005",20.547738047619,26.1212501041667,0,0
"483","Magnesium","2006",19.7090303030303,22.2391666666667,0,0
"484","Magnesium","2007",21.2974149659864,25.0025531914894,0,0
"485","Magnesium","2008",18.1011612903226,22.6520833333333,0,0
"486","Magnesium","2009",19.2595424836601,19.7189090909091,0,9.75555555555556
"487","Magnesium","2010",17.65921875,15.5036666666667,31.5,12.1208333333333
"488","Magnesium","2011",29.2368217054264,16.9633333333333,0,13.31
"489","Magnesium","2012",17.9684745762712,15.995,0,11.20775
"490","Magnesium","2013",19.0111627906977,18.1115789473684,23.0828333333333,11.9008333333333
"491","Magnesium","2014",14.1560897435897,15.3945,27.1090909090909,16.3766666666667
"492","Magnesium","2015",14.2279389312977,13.085,16.93575,18.7658333333333
"493","Magnesium","2016",14.521421875,12.297868852459,16.7431666666667,11.842
"494","Manganese","1998",6.83877884615385,14.7342105263158,0,0
"495","Manganese","1999",38.5905789473684,48.3945283018868,0,0
"496","Manganese","2000",32.2839496402878,18.7244230769231,0,0
"497","Manganese","2001",0.0965765765765766,0.0873809523809524,0,0
"498","Manganese","2002",7.74584415584416,12.7652631578947,0,0
"499","Manganese","2003",23.1638315789474,38.5727708333333,0,0
"500","Manganese","2004",0.236040926640927,0.0891549295774648,0,0
"501","Manganese","2005",0.0839407114624506,0.0887666666666667,0,0
"502","Manganese","2006",0.054353305785124,0.092448275862069,0,0
"503","Manganese","2007",0.0967894736842105,0.124887323943662,0,0
"504","Manganese","2008",0.0423779527559055,0.0167058823529412,0,0
"505","Manganese","2009",0.0221603773584906,0.0254902173913043,0.1267,0.0505
"506","Manganese","2010",0.0227952631578947,0.0182328125,0.1059,0.390636363636364
"507","Manganese","2011",0.010741935483871,0,0.309333333333333,0.2388
"508","Manganese","2012",0.0236126213592233,0.00143478260869565,0.228166666666667,0.03235
"509","Manganese","2013",0.0239754098360656,0,0.0473333333333333,0.36892
"510","Manganese","2014",0.0102222222222222,0.00394444444444444,0.0754545454545455,1.32183333333333
"511","Manganese","2015",0.0139566371681416,0.0027125,0.02275,0.2571875
"512","Mercury","1998",0,0,0,0
"513","Mercury","2005",0.0395051546391753,0,0,0
"514","Mercury","2006",0.0620783132530121,0.0464772727272727,0,0
"515","Mercury","2007",0.0402911392405063,0.0303170731707317,0,0
"516","Mercury","2008",0.0587142857142857,0.0613,0,0
"517","Mercury","2009",0.0817258064516129,0.102243243243243,0,0
"518","Mercury","2010",0.120371428571429,0.232983050847458,0,0
"519","Mercury","2011",0.124057851239669,0.134741935483871,0,0
"520","Mercury","2012",0.0899833333333333,0.030625,0,0
"521","Mercury","2013",0.0336888888888889,0.00590909090909091,0,0.025
"522","Mercury","2014",0.026055223880597,0.00779142857142857,0,0.02
"523","Mercury","2015",0.016141935483871,0.0131948717948718,0.01175,0.0106666666666667
"524","Mercury","2016",0.0138857142857143,0.0072,0,0.0222857142857143
"525","Methoxychlor","2005",0.035625,0.0856666666666667,0,0
"526","Methoxychlor","2006",0.0494,0,0,0
"527","Methylosmoline","2014",0.300928,0.304023255813954,0,0
"528","Methylosmoline","2015",1.77138532110092,1.22913888888889,0,0
"529","Methylosmoline","2016",6.0231724137931,34.8186,0,0
"530","Metolachlor","2005",0.0359506172839506,0.0258,0,0
"531","Metolachlor","2006",0.06716875,0.069925,0,0
"532","Metolachlor","2007",0.0157803468208092,0.0164166666666667,0,0
"533","Naphthalene","2008",0.0114611764705882,0,0,0
"534","Naphthalene","2009",0.0104843137254902,0.0155666666666667,0.002,0
"535","Nickel","1998",12.8921568627451,11,0,0
"536","Nickel","1999",29.1,33,0,0
"537","Nickel","2001",4.81285714285714,5.14,0,0
"538","Nickel","2002",2.57151162790698,1.8895,0,0
"539","Nickel","2003",5.68752597402597,4.650025,0,0
"540","Nickel","2004",4.55253107344633,4.06172727272727,0,0
"541","Nickel","2005",3.6300320802139,4.5622340212766,0,0
"542","Nickel","2006",3.2815618556701,4.340375,0,0
"543","Nickel","2007",5.77519889502762,6.19389583333333,0,0
"544","Nickel","2008",1.80591836734694,1.81866666666667,0,0
"545","Nickel","2009",1.54693548387097,1.76363636363636,0,0.5
"546","Nickel","2010",2.64227222222222,1.82879310344828,3.5,4.01285714285714
"547","Nickel","2011",3.56086356589147,2.1031746031746,7.9,1.528
"548","Nickel","2012",2.85,0.79,0,0.909166666666667
"549","Nickel","2013",1.08737450980392,0.291666666666667,0,4.82408333333333
"550","Nickel","2014",2.85682894736842,1.00065217391304,0,3.18714285714286
"551","Nickel","2015",2.36388888888889,1.84615384615385,0,2.76
"552","Nickel","2016",2.68753333333333,2.78921568627451,0,0
"553","Nitrates","1998",1.52705882352941,1.80555555555556,0,0
"554","Nitrates","1999",1.65771653543307,1.59632653061224,0,0
"555","Nitrates","2000",1.76251908396947,1.88645833333333,0,0
"556","Nitrates","2001",1.74991228070175,1.86627906976744,0,0
"557","Nitrates","2002",1.77442105263158,1.47375,0,0
"558","Nitrates","2003",1.72176595744681,1.96541666666667,0,0
"559","Nitrates","2004",1.63051630434783,1.69425581395349,0,0
"560","Nitrates","2005",1.57058333333333,1.67802083333333,0,0
"561","Nitrates","2006",1.2817263681592,1.59116666666667,0,0
"562","Nitrates","2007",1.63531111111111,1.64833333333333,0,0
"563","Nitrates","2008",1.16264324324324,1.1245125,0,0
"564","Nitrates","2009",1.33606153846154,1.4249873015873,1.94758333333333,0.694
"565","Nitrates","2010",1.5190612244898,1.5442504,3.565,0.795833333333333
"566","Nitrates","2011",1.67440917874396,1.42575555555556,2.32427272727273,0.690416666666667
"567","Nitrates","2012",1.61886538461538,1.38117469879518,2.46691304347826,0.63675
"568","Nitrates","2013",1.42529978494624,1.50663756756757,2.84946153846154,0.601416666666667
"569","Nitrates","2014",1.28480509433962,1.30378148648649,4.00471428571429,0.666653846153846
"570","Nitrates","2015",1.43249074074074,1.51157746478873,2.09033333333333,0.595269230769231
"571","Nitrates","2016",1.17870047169811,1.20910810810811,2.28241666666667,0.428884615384615
"572","Nitrites","1998",0.0392156862745098,0.125,0,0
"573","Nitrites","1999",0.0377952755905512,0.0406122448979592,0,0
"574","Nitrites","2000",0.0395419847328244,0.0302083333333333,0,0
"575","Nitrites","2001",0.0303508771929825,0.0254651162790698,0,0
"576","Nitrites","2002",0.0326157894736842,0.02816,0,0
"577","Nitrites","2003",0.0427021276595745,0.0700416666666667,0,0
"578","Nitrites","2004",0.0433336956521739,0.0724883720930233,0,0
"579","Nitrites","2005",0.0453137254901961,0.0634375,0,0
"580","Nitrites","2006",0.0605059701492537,0.0488541666666667,0,0
"581","Nitrites","2007",0.0281238888888889,0.03585625,0,0
"582","Nitrites","2008",0.0319854054054054,0.05774375,0,0
"583","Nitrites","2009",0.0308615384615385,0.043247619047619,0.079,0.019
"584","Nitrites","2010",0.0260321428571429,0.0384293333333333,0.199375,0.0144166666666667
"585","Nitrites","2011",0.026780193236715,0.0245666666666667,0.0834545454545454,0.0386666666666667
"586","Nitrites","2012",0.0261598901098901,0.0281397590361446,0.0675217391304348,0.0191666666666667
"587","Nitrites","2013",0.0269525405405405,0.0309491891891892,0.101076923076923,0.0191666666666667
"588","Nitrites","2014",0.0230910377358491,0.0219913513513514,0.390785714285714,0.025
"589","Nitrites","2015",0.0219388888888889,0.0292081081081081,0.0858333333333333,0.0206153846153846
"590","Nitrites","2016",0.0220160377358491,0.0218162162162162,0.068,0.0177692307692308
"591","Organic nitrogen","2009",0,0.442166666666667,0,2.0705
"592","Organic nitrogen","2010",0,0.66,0,0
"593","Organic nitrogen","2011",0,0,0,0
"594","Organic nitrogen","2012",0,0.252916666666667,0,0
"595","Organic nitrogen","2013",1.5525,0,0,0
"596","Organic nitrogen","2015",0,0,0,0
"597","Orthophosphate-phosphorus","1998",0.0736274509803922,0.0772222222222222,0,0
"598","Orthophosphate-phosphorus","1999",0.0629133858267717,0.0526122448979592,0,0
"599","Orthophosphate-phosphorus","2000",0.0653435114503817,0.0539583333333333,0,0
"600","Orthophosphate-phosphorus","2001",0.0553245614035088,0.0511627906976744,0,0
"601","Orthophosphate-phosphorus","2002",0.0657032085561497,0.0269574468085106,0,0
"602","Orthophosphate-phosphorus","2003",0.0576507936507937,0.0315208333333333,0,0
"603","Orthophosphate-phosphorus","2004",0.0582142076502732,0.0266744186046512,0,0
"604","Orthophosphate-phosphorus","2005",0.0561127450980392,0.0501875,0,0
"605","Orthophosphate-phosphorus","2006",0.0756238805970149,0.0571791666666667,0,0
"606","Orthophosphate-phosphorus","2007",0.064855,0.0380458333333333,0,0
"607","Orthophosphate-phosphorus","2008",0.0464378378378378,0.0379395833333333,0,0
"608","Orthophosphate-phosphorus","2009",0.0683774358974359,0.070715873015873,0.0330583333333333,0.0446363636363636
"609","Orthophosphate-phosphorus","2010",0.083430612244898,0.100853333333333,0.0626666666666667,0.03675
"610","Orthophosphate-phosphorus","2011",0.0665628019323671,0.0407,0.0931818181818182,0.0434666666666667
"611","Orthophosphate-phosphorus","2012",0.0453615384615385,0.0385457831325301,0.0794347826086957,0.0358333333333333
"612","Orthophosphate-phosphorus","2013",0.0636978378378378,0.033527027027027,0.122923076923077,0.036125
"613","Orthophosphate-phosphorus","2014",0.0801895754716981,0.0388089189189189,0.113769230769231,0.0343269230769231
"614","Orthophosphate-phosphorus","2015",0.0541467592592593,0.0474108108108108,0.072,0.026584
"615","Orthophosphate-phosphorus","2016",0.0511783018867925,0.0384959459459459,0.1085,0.0326923076923077
"616","Oxygen saturation","2005",77.5493632229299,80.9222224444444,0,0
"617","Oxygen saturation","2006",82.12455,76.1435416666667,0,0
"618","Oxygen saturation","2007",81.0994972067039,81.6866666666667,0,0
"619","Oxygen saturation","2008",83.8874175824176,81.3736170212766,0,0
"620","Oxygen saturation","2009",86.6149462365591,86.7404444444444,115.2225,109.312727272727
"621","Oxygen saturation","2010",88.5405696202532,87.8104166666667,96.0758333333333,0
"622","Oxygen saturation","2011",88.5603896103896,91.9760869565217,77.1525,95.9266666666667
"623","Oxygen saturation","2012",85.6344791666667,83.6947619047619,70.0366666666667,0
"624","Oxygen saturation","2013",89.6071111111111,0,91.5546153846154,0
"625","Oxygen saturation","2014",89.1573611111111,93.6666666666667,84.6283333333333,78.268
"626","Oxygen saturation","2015",90.66425,86.5085416666667,83.4458333333333,102.971666666667
"627","Oxygen saturation","2016",85.7005194805195,88.5478571428571,76.9841666666667,99.1115384615385
"628","p,p-DDD","2005",0.172064864864865,0.165468085106383,0,0
"629","p,p-DDD","2006",0.0598661971830986,0.0363783783783784,0,0
"630","p,p-DDD","2007",0.0177745664739884,0.0139791666666667,0,0
"631","p,p-DDE","2005",0.0554756756756757,0.0518372093023256,0,0
"632","p,p-DDE","2006",0.0252397660818713,0.0178536585365854,0,0
"633","p,p-DDE","2007",0.00697109826589595,0.0058125,0,0
"634","p,p-DDT","1998",0.00373333333333333,0,0,0
"635","p,p-DDT","1999",0.151227419354839,0.157821739130435,0,0
"636","p,p-DDT","2000",0.0753225806451613,0.0758333333333333,0,0
"637","p,p-DDT","2001",0.207686746987952,0.238645161290323,0,0
"638","p,p-DDT","2002",0.0136966292134831,0.0258333333333333,0,0
"639","p,p-DDT","2003",0.0214545454545455,0.0283333333333333,0,0
"640","p,p-DDT","2004",0.0154583333333333,0.0286666666666667,0,0
"641","p,p-DDT","2005",0.00324817518248175,0.00689285714285714,0,0
"642","p,p-DDT","2006",0.0506206896551724,0.0679166666666667,0,0
"643","p,p-DDT","2007",0.0216300578034682,0.0198333333333333,0,0
"644","p,p-DDT","2008",0.0173591919191919,0.0205,0,0
"645","p,p-DDT","2009",0.0162314814814815,0.0235714285714286,0,0
"646","p,p-DDT","2010",0.017304347826087,0.05,0,0
"647","p,p-DDT","2012",0,0.00204285714285714,0,0.00166666666666667
"648","p,p-DDT","2013",0.0381443298969072,0,0,0
"649","p,p-DDT","2014",0,0,0,0
"650","p,p-DDT","2015",0,0,0,0
"651","p,p-DDT","2016",0,0,0,0
"652","PAHs","2002",13.824,5.24,0,0
"653","PCB 101","2003",0.001,0.001,0,0
"654","PCB 101","2008",0.00124971428571429,0,0,0
"655","PCB 101","2009",0.00117307692307692,0.002,0,0
"656","PCB 118","2009",0.002,0.002,0,0
"657","PCB 138","2003",0.001,0.001,0,0
"658","PCB 138","2008",0.002,0,0,0
"659","PCB 138","2009",0.00203653846153846,0.002,0,0
"660","PCB 153","2003",0.001,0.001,0,0
"661","PCB 153","2008",0.002,0,0,0
"662","PCB 153","2009",0.002,0.002,0,0
"663","PCB 180","2003",0.001,0.001,0,0
"664","PCB 180","2008",0.002312,0,0,0
"665","PCB 180","2009",0.002,0.002,0,0
"666","PCB 28","2003",0.00283333333333333,0.001,0,0
"667","PCB 52","2003",0.00116666666666667,0.001,0,0
"668","Pentachlorobenzene","2008",0.001,0,0,0
"669","Pentachlorobenzene","2009",0.00152941176470588,0.004,0,0
"670","Petroleum hydrocarbons","2002",2.082,1.28,0,0
"671","Petroleum hydrocarbons","2004",1.434125,1.726,0,0
"672","Petroleum hydrocarbons","2005",0.552558139534884,1.16291304347826,0,0
"673","Petroleum hydrocarbons","2006",1.56830677966102,1.47253928571429,0,0
"674","Petroleum hydrocarbons","2007",2.89705194805195,3.34808108108108,0,0
"675","Petroleum hydrocarbons","2008",0.0252637168141593,0.0280416666666667,0,0
"676","Petroleum hydrocarbons","2009",0.04369,0.58945,0,0
"677","Petroleum hydrocarbons","2010",0.230769230769231,0.34,0,0
"678","Petroleum hydrocarbons","2011",0,0,0,0
"679","Petroleum hydrocarbons","2012",5.68378378378378,12.5428571428571,0,0
"680","Petroleum hydrocarbons","2014",0,0.0714,0.127,0.2
"681","Petroleum hydrocarbons","2015",0.0336868852459016,0.0736,0.105966666666667,0
"682","Petroleum hydrocarbons","2016",0.0816307692307692,0.109114814814815,0.284527272727273,0
"683","Phenanthrene","2008",0.005,0,0,0
"684","Phenanthrene","2009",0.005,0.005,0.003,0
"685","Potassium","1998",3.60186274509804,4.24444444444444,0,0
"686","Potassium","1999",4.09763779527559,4.64551020408163,0,0
"687","Potassium","2000",4.0381679389313,4.60208333333333,0,0
"688","Potassium","2001",3.72445454545455,4.13023255813953,0,0
"689","Potassium","2002",5.66923076923077,0,0,0
"690","Potassium","2003",3.89047619047619,0,0,0
"691","Potassium","2004",3.24342105263158,0,0,0
"692","Potassium","2005",3.23222222222222,5.1,0,0
"693","Potassium","2006",2.63086419753086,0,0,0
"694","Potassium","2007",2.32023622047244,2.11764705882353,0,0
"695","Potassium","2008",2.62272727272727,2.26666666666667,0,0
"696","Potassium","2009",2.62105263157895,2.95882352941176,0,0
"697","Potassium","2010",2.65417910447761,2.50909090909091,0,0
"698","Potassium","2011",2.70983606557377,2.92631578947368,0,0
"699","Potassium","2012",3.37317073170732,3.27241379310345,0,0
"700","Potassium","2013",3.07977528089888,3.345,0,0
"701","Potassium","2014",2.47777777777778,4.06896551724138,7.714,3.77877777777778
"702","Potassium","2015",2.5089552238806,3.05757575757576,0,5.0525
"703","Potassium","2016",2.34897959183673,2.56666666666667,0,6.48923076923077
"704","Pyrene","2008",0.00226558823529412,0,0,0
"705","Pyrene","2009",0.003,0,0,0
"706","Selenium","2008",0.10451724137931,0.2695,0,0
"707","Selenium","2009",1.31117647058824,1.51,0,0
"708","Silica (SiO2)","2003",9.13425,9.7475,0,0
"709","Silica (SiO2)","2004",9.09108108108108,9.79354166666667,0,0
"710","Silica (SiO2)","2005",6.64757731958763,7.10863636363636,0,0
"711","Silica (SiO2)","2006",7.2906455026455,7.52568181818182,0,0
"712","Silica (SiO2)","2007",8.17814634146341,8.27338636363636,0,0
"713","Silica (SiO2)","2008",5.64267391304348,5.03972340425532,0,0
"714","Silica (SiO2)","2009",6.47095833333333,5.13655319148936,0,0
"715","Silica (SiO2)","2010",6.31271176470588,5.96110416666667,0,0
"716","Silica (SiO2)","2012",8.91666666666667,9.45833333333333,0,0
"717","Silica (SiO2)","2014",1.84,0,0,0
"718","Simazine","2005",0.154571428571429,0.172,0,0
"719","Simazine","2006",0.168047297297297,0.148,0,0
"720","Simazine","2007",0.0782455089820359,0.0738333333333333,0,0
"721","Simazine","2009",0.1,0.1,0.05,0
"722","Sodium","1998",19.8660784313726,29.8633333333333,0,0
"723","Sodium","1999",23.2806299212598,26.8261224489796,0,0
"724","Sodium","2000",23.0358778625954,27.20625,0,0
"725","Sodium","2001",22.3405454545455,27.8451162790698,0,0
"726","Sodium","2002",32.2153846153846,0,0,0
"727","Sodium","2003",20.1690476190476,0,0,0
"728","Sodium","2004",17.3623376623377,0,0,0
"729","Sodium","2005",19.6647778111111,73.9000016666667,0,0
"730","Sodium","2006",16.7444444444444,0,0,0
"731","Sodium","2007",21.3236220472441,29.7709677419355,0,0
"732","Sodium","2008",23.8402654867257,23.7583333333333,0,0
"733","Sodium","2009",21.4217763157895,26.8490909090909,0,35.81
"734","Sodium","2010",19.4059701492537,22.6090909090909,0,0
"735","Sodium","2011",19.8734210526316,17.7368421052632,0,0
"736","Sodium","2012",20.9024390243902,19.3068965517241,0,0
"737","Sodium","2013",22.3415730337079,21.0631578947368,0,0
"738","Sodium","2014",19.2166666666667,24.4620689655172,233.28,42.2022222222222
"739","Sodium","2015",19.8940298507463,18.4848484848485,0,55.313375
"740","Sodium","2016",18.534693877551,11.2,0,43.6
"741","Sulfides","2008",0.1,0.1,0,0
"742","Sulfides","2009",0.0181125,0.019046511627907,0,0
"743","Sulfides","2012",0.0174347826086957,0.0178333333333333,0,0
"744","Sulphates","1998",49.1021568627451,62.4511111111111,0,0
"745","Sulphates","1999",54.9964566929134,56.799387755102,0,0
"746","Sulphates","2000",57.3343511450382,60.6979166666667,0,0
"747","Sulphates","2001",59.6435087719298,56.3327906976744,0,0
"748","Sulphates","2002",46.2791666666667,39.4208333333333,0,0
"749","Sulphates","2003",40.6014207650273,33.8895833333333,0,0
"750","Sulphates","2004",39.3305298013245,29.05025,0,0
"751","Sulphates","2005",40.3160131437908,42.3933333333333,0,0
"752","Sulphates","2006",39.8521212121212,33.29,0,0
"753","Sulphates","2007",44.0996732026144,41.8489583333333,0,0
"754","Sulphates","2008",41.0650993377483,39.6463829787234,0,0
"755","Sulphates","2009",36.2917261904762,30.7787272727273,133.4,36.2666666666667
"756","Sulphates","2010",34.4456204379562,33.6520833333333,0,44.865
"757","Sulphates","2011",40.6104,32.707619047619,0,58.6666666666667
"758","Sulphates","2012",40.9063934426229,29.338125,0,49.6635833333333
"759","Sulphates","2013",40.4613861386139,40.1562068965517,101.361333333333,50.909
"760","Sulphates","2014",38.9952685185185,42.8048148148148,101.890727272727,44.9
"761","Sulphates","2015",37.2502727272727,42.8020833333333,100.4665,49.6
"762","Sulphates","2016",37.2012626262626,38.6626923076923,104.8905,35.2625
"763","Tetrachloromethane","2008",0.25,0.25,0,0
"764","Tetrachloromethane","2009",0.328146788990826,0.25,0,0
"765","Tetrachloromethane","2010",0.0250258620689655,0.025,0,0
"766","Total coliforms","1998",0.121514705882353,0.129444444444444,0,0
"767","Total coliforms","1999",3.32816233766234,2.854725,0,0
"768","Total coliforms","2000",8.44616666666667,22.7679090909091,0,0
"769","Total coliforms","2001",2.6400989010989,1.71351351351351,0,0
"770","Total coliforms","2002",2.32955555555556,0.14,0,0
"771","Total coliforms","2003",55.4399099099099,14.3665,0,0
"772","Total coliforms","2004",7.27942307692308,0.553333333333333,0,0
"773","Total coliforms","2005",7.40698666666667,7.311875,0,0
"774","Total coliforms","2006",3.84655384615385,0,0,0
"775","Total coliforms","2007",3.97166393442623,3.90120454545455,0,0
"776","Total coliforms","2008",16.6555726495727,25.0020869565217,0,0
"777","Total coliforms","2009",115.206466942149,341.510833333333,0,886.066666666667
"778","Total coliforms","2010",399.943695652174,0.223333333333333,0,0
"779","Total coliforms","2011",211.186046511628,0,0,94.0541666666667
"780","Total coliforms","2012",115.2532,0,0,0
"781","Total coliforms","2013",118.053088888889,0,0,0
"782","Total dissolved phosphorus","2015",0.0703145539906103,0.0605,0,0
"783","Total dissolved phosphorus","2016",0.0742505376344086,0.0729833333333333,0,0
"784","Total dissolved salts","2005",282.087179487179,425.083333333333,0,0
"785","Total dissolved salts","2006",290.865671641791,321.145833333333,0,0
"786","Total dissolved salts","2007",280.893258426966,312.625,0,0
"787","Total dissolved salts","2008",284.043243243243,312.4375,0,0
"788","Total dissolved salts","2009",261.738461538462,285.396825396825,807.641666666667,358.8
"789","Total dissolved salts","2010",270.2,291.479166666667,724.233333333333,451.5
"790","Total dissolved salts","2011",275.172413793103,306.274509803922,597.5,409.75
"791","Total dissolved salts","2012",294.75,336.166666666667,658.708333333333,370
"792","Total dissolved salts","2013",320.804195804196,416.12,787.5,496.857142857143
"793","Total dissolved salts","2014",275.868322981366,364.973214285714,884.363636363636,431
"794","Total dissolved salts","2015",287.081060606061,326.736734693878,741.916666666667,399.166666666667
"795","Total dissolved salts","2016",290.128787878788,298.59,706.3475,335.25
"796","Total extractable matter","1999",5.75,6,0,0
"797","Total extractable matter","2000",0.102954545454545,0.1025,0,0
"798","Total extractable matter","2001",0.13030303030303,0.1425,0,0
"799","Total extractable matter","2003",1.96488888888889,0.469,0,0
"800","Total extractable matter","2004",0,0,0,0
"801","Total extractable matter","2008",2.65,1.8,0,0
"802","Total extractable matter","2010",1.31428571428571,1.5,0,0
"803","Total extractable matter","2014",25,25,0,0
"804","Total hardness","2005",128.079079809816,122.355319234043,0,0
"805","Total hardness","2006",120.864666666667,134.893333333333,0,0
"806","Total hardness","2007",124.662702702703,130.051111111111,0,0
"807","Total hardness","2008",118.034322580645,124.925,0,0
"808","Total hardness","2009",113.836068376068,120.093548387097,0,0
"809","Total hardness","2010",105.725454545455,0,0,0
"810","Total hardness","2011",3.89714285714286,0,0,0
"811","Total hardness","2012",4.61787234042553,11.4266666666667,0,0
"812","Total hardness","2014",185.531193548387,184.81,223.854636363636,229.016
"813","Total hardness","2015",189.179879310345,178.475854545455,284.597833333333,201.69625
"814","Total hardness","2016",191.82258778626,184.357147540984,288.176333333333,162.08
"815","Total nitrogen","2005",2.11077966101695,2.06704166666667,0,0
"816","Total nitrogen","2006",2.5774,2.55,0,0
"817","Total nitrogen","2007",2.6734649122807,2.45058333333333,0,0
"818","Total nitrogen","2008",1.98658504672897,1.95875,0,0
"819","Total nitrogen","2009",1.9358152866242,2.07365079365079,0,2.791875
"820","Total nitrogen","2010",2.14063492063492,2.2641095890411,0,4.18175
"821","Total nitrogen","2011",2.18150537634409,1.90325842696629,0,0
"822","Total nitrogen","2012",2.43673469387755,1.896,0,2.9406
"823","Total nitrogen","2013",2.08949717514124,2.00452702702703,5.41284615384615,2.66559090909091
"824","Total nitrogen","2014",2.03577967914438,1.97210169491525,12.1111428571429,4
"825","Total nitrogen","2015",1.98741121495327,2.0544347826087,4.23391666666667,2.34736842105263
"826","Total nitrogen","2016",1.74786602870813,1.76252112676056,4.54283333333333,1.6575
"827","Total organic carbon","2008",5.35617647058824,6.89105263157895,0,0
"828","Total organic carbon","2009",5.10753012048193,6.02632558139535,0,0
"829","Total organic carbon","2013",3.17640476190476,0,4.15666666666667,0
"830","Total organic carbon","2014",3.61290384615385,2.615,4.097,0
"831","Total organic carbon","2015",4.2564,2.3825,4.24833333333333,0
"832","Total organic carbon","2016",3.9955,0,0,0
"833","Total phosphorus","1998",0.124313725490196,0.163333333333333,0,0
"834","Total phosphorus","1999",0.100944881889764,0.0857142857142857,0,0
"835","Total phosphorus","2000",0.106717557251908,0.0910416666666667,0,0
"836","Total phosphorus","2001",0.0908910891089109,0.0830555555555556,0,0
"837","Total phosphorus","2002",0.0982352941176471,0.054468085106383,0,0
"838","Total phosphorus","2003",0.0960231707317073,0.0785909090909091,0,0
"839","Total phosphorus","2004",0.111640350877193,0.0676875,0,0
"840","Total phosphorus","2005",0.103154639175258,0.111340909090909,0,0
"841","Total phosphorus","2006",0.181136363636364,0.144958333333333,0,0
"842","Total phosphorus","2007",0.162268,0.182997916666667,0,0
"843","Total phosphorus","2008",0.122130337078652,0.139881818181818,0,0
"844","Total phosphorus","2009",0.125258461538462,0.116806349206349,0.198916666666667,0.334836363636364
"845","Total phosphorus","2010",0.146964285714286,0.174713333333333,0.20625,0.112833333333333
"846","Total phosphorus","2011",0.126275362318841,0.0900333333333333,0.197409090909091,0.12175
"847","Total phosphorus","2012",0.0974945054945055,0.0979638554216867,0.189,0.14625
"848","Total phosphorus","2013",0.103215053763441,0.06425,0.210992307692308,0.13504347826087
"849","Total phosphorus","2014",0.122739622641509,0.080777027027027,0.242307692307692,0.130384615384615
"850","Total phosphorus","2015",0.0944337962962963,0.075972602739726,0.182916666666667,0.110625
"851","Total phosphorus","2016",0.0924369668246446,0.0953378378378378,0.179158333333333,0.1684
"852","Trifluralin","2009",0.1,0.1,0,0
"853","Water temperature","1998",13.7376237623762,13.9222222222222,0,0
"854","Water temperature","1999",12.8469696969697,12.9551020408163,0,0
"855","Water temperature","2000",12.930303030303,12.8375,0,0
"856","Water temperature","2001",14.0684210526316,13.6860465116279,0,0
"857","Water temperature","2002",14.5194736842105,14.04,0,0
"858","Water temperature","2003",13.9783068783069,12.9133333333333,0,0
"859","Water temperature","2004",14.6154696132597,15.5,0,0
"860","Water temperature","2005",13.8000000098039,12.9583333333333,0,0
"861","Water temperature","2006",13.0111111111111,12.8458333333333,0,0
"862","Water temperature","2007",12.9016949152542,13.5416666666667,0,0
"863","Water temperature","2008",15.3295081967213,13.6702127659574,0,0
"864","Water temperature","2009",14.3471794871795,14.5916666666667,14.2083333333333,13.6909090909091
"865","Water temperature","2010",14.0698979591837,13.9083333333333,14.0227272727273,12.0066666666667
"866","Water temperature","2011",14.8502415458937,15.6633333333333,15.9210526315789,12.2666666666667
"867","Water temperature","2012",13.8489010989011,13.1072289156627,13.4090909090909,11.7363636363636
"868","Water temperature","2013",13.6548387096774,13.3554054054054,13.4615384615385,16.3769230769231
"869","Water temperature","2014",15.2547087378641,15.592972972973,13.2142857142857,12.2846153846154
"870","Water temperature","2015",14.2625,13.9479452054795,14.2083333333333,13.125
"871","Water temperature","2016",14.394555353902,14.2851351351351,15.6666666666667,14.4333333333333
"872","Zinc","1998",45.8889423076923,74.5947368421053,0,0
"873","Zinc","1999",59.9699248120301,35.1952830188679,0,0
"874","Zinc","2000",54.8,53.4653846153846,0,0
"875","Zinc","2001",51.027027027027,41.3809523809524,0,0
"876","Zinc","2002",28.5735099337748,23.7315789473684,0,0
"877","Zinc","2003",24.8527950310559,23.3079545454545,0,0
"878","Zinc","2004",48.8609625668449,88.4166666666667,0,0
"879","Zinc","2005",48.8768844221105,58.1041666666667,0,0
"880","Zinc","2006",31.2512820512821,59.1875,0,0
"881","Zinc","2007",43.292817679558,57.6041666666667,0,0
"882","Zinc","2008",10.1959183673469,11.26,0,0
"883","Zinc","2009",9.21935483870968,10.6291666666667,6.6,163.75
"884","Zinc","2010",14.0574755905512,12.5,25,183.25
"885","Zinc","2011",35.5009705426357,5.92083333333333,25,226.333333333333
"886","Zinc","2012",40.3377,5.85,25,23.075
"887","Zinc","2013",32.0530192307692,5.83333333333333,0,183.790833333333
"888","Zinc","2014",35.0534444444444,37.5,0,110.957142857143
"889","Zinc","2015",0,7.5,45.0833333333333,110.93
"890","Zinc","2016",1.80555555555556,2.61111111111111,0,0
