"","measure","Year","Waterway_1","Waterway_2","Waterway_3","Waterway_4"
"1","1,2,3-Trichlorobenzene","2008","-0.0282492443617763","0","0","0"
"2","1,2,3-Trichlorobenzene","2009","0","0","0","0"
"3","1,2,4-Trichlorobenzene","2008","0","0","0","0"
"4","1,2,4-Trichlorobenzene","2009","0","0","0","0"
"5","Acenaphthene","2008","0.259163240265408","0","0","0"
"6","Acenaphthene","2009","0","0","0","0"
"7","Acenaphthylene","2008","0","0","0","0"
"8","Acenaphthylene","2009","0","0","0","0"
"9","AGOC-3A","2014","0.429088954215355","0.372189738096185","0","0"
"10","AGOC-3A","2015","1.10278501410003","0.590766564373765","0","0"
"11","AGOC-3A","2016","9.92738834256732","47.8327284765417","0","0"
"12","Alachlor","2005","100+","100+","0","0"
"13","Alachlor","2006","5.33852559006101","26.7212909451914","0","0"
"14","Alachlor","2007","0.557589640512641","0.488977949893452","0","0"
"15","Alachlor","2009","0.0227123675399538","0.0129233511586453","0","0"
"16","Aldrin","2005","93.2281077164855","100+","0","0"
"17","Aldrin","2006","11.2650515706209","0.474865039921145","0","0"
"18","Aldrin","2007","0.430163480231991","0.451328912448976","0","0"
"19","Aldrin","2008","0.0650695007685906","0.232655502392345","0","0"
"20","Aldrin","2009","-0.0421978021978022","-0.186666666666667","0","0"
"21","alpha-Hexachlorocyclohexane","2005","100+","100+","0","0"
"22","alpha-Hexachlorocyclohexane","2006","0.263501778926749","0.456724742229742","0","0"
"23","alpha-Hexachlorocyclohexane","2007","0.218911640522921","0.171129043206734","0","0"
"24","alpha-Hexachlorocyclohexane","2012","0.333333333333333","0","0","0"
"25","Aluminium","2008","-0.0082061469534663","0.0292632821294708","0","0"
"26","Aluminium","2009","0.592233560048879","0.463342483748029","0","0"
"27","Aluminium","2010","0.0591825718487673","0.175172860213438","0","0"
"28","Aluminium","2014","-0.33333275862069","0","0","0"
"29","Ammonium","1998","0.080988840552037","0.11689945424528","0","0"
"30","Ammonium","1999","0.287206598836929","0.752047804254273","0","0"
"31","Ammonium","2000","0.835224748715349","1.20213188966558","0","0"
"32","Ammonium","2001","0.17335203895693","0.133824921041287","0","0"
"33","Ammonium","2002","0.396117405561759","1.51352303751851","0","0"
"34","Ammonium","2003","0.266496455779716","0.394123412913815","0","0"
"35","Ammonium","2004","56.3701924576514","20.3513113639576","0","0"
"36","Ammonium","2005","35.1076887186397","12.7648501179113","0","0"
"37","Ammonium","2006","0.448635084645428","0.756356262686394","0","0"
"38","Ammonium","2007","0.326975645485635","0.576478089451835","0","0"
"39","Ammonium","2008","0.565554586345504","0.522712306424825","0","0"
"40","Ammonium","2009","0.21819196315862","0.46350806733039","9.27889844188845","0.411927843342519"
"41","Ammonium","2010","0.421777722491187","0.871960117921941","3.30202118925783","4.98688384447946"
"42","Ammonium","2011","0.17438524133184","19.5199738269498","0.513325029257349","0.191777591240451"
"43","Ammonium","2012","29.8963209740488","95.1391932255982","1.52013565389918","45.10233395158"
"44","Ammonium","2013","32.3919756756501","32.717365448572","7.47518931942421","69.271813767146"
"45","Ammonium","2014","23.3651990729555","32.6861015756066","7.21948843481419","100+"
"46","Ammonium","2015","22.712885713422","24.3484738529879","0.330000110573142","100+"
"47","Ammonium","2016","34.6745880346772","38.5998919592753","4.24124144236554","0.180163347193208"
"48","Anionic active surfactants","1999","14.286123115913","59.7565608465608","0","0"
"49","Anionic active surfactants","2000","16.7958991446362","31.2366345733944","0","0"
"50","Anionic active surfactants","2001","25.4895029513215","0.204430624669118","0","0"
"51","Anionic active surfactants","2002","0.465422077922078","-0.0513333333333333","0","0"
"52","Anionic active surfactants","2003","0.0188545390707473","-0.0164640036385959","0","0"
"53","Anionic active surfactants","2004","5.19132201148379","0","0","0"
"54","Anionic active surfactants","2005","2.27081442328701","34.0070156563935","0","0"
"55","Anionic active surfactants","2006","0.16110228877025","0.236906519836622","0","0"
"56","Anionic active surfactants","2007","0.211625660919054","0.395303046139826","0","0"
"57","Anionic active surfactants","2008","0.0249638669944968","0.0747463308339104","0","0"
"58","Anionic active surfactants","2009","0.0532240899821957","0.0895392934467079","33.4876266559454","-0.0311063218390805"
"59","Anionic active surfactants","2010","0.0654792383296588","0.0360018528389421","0.855346526956792","0.0644656372028541"
"60","Anionic active surfactants","2011","-0.0639864714893977","-0.110960031560003","100+","-0.090633608815427"
"61","Anionic active surfactants","2012","0","100+","100+","0"
"62","Anionic active surfactants","2013","34.270931135448","0","100+","0"
"63","Anionic active surfactants","2014","73.0552160082821","0","100+","0"
"64","Anionic active surfactants","2015","100+","0","-0.0832881906825569","0"
"65","Anionic active surfactants","2016","47.1412077950184","-0.0433503836317135","0","100+"
"66","Anthracene","2008","0.12845553353308","0","0","0"
"67","Anthracene","2009","-0.00152670095231813","0","-0.4875","0"
"68","AOX","1998","0","0","0","0"
"69","AOX","2008","100+","100+","0","0"
"70","AOX","2009","-0.0256408572663744","-0.0416664983296795","0","0"
"71","AOX","2010","100+","0","0","0"
"72","AOX","2013","0.0491660981979219","0","0","0"
"73","AOX","2016","-0.0179476767074122","0","0","0"
"74","Arsenic","1998","0","0","0","0"
"75","Arsenic","2004","100+","100+","0","0"
"76","Arsenic","2008","100+","100+","0","0"
"77","Arsenic","2009","0.0475953839406858","0.104962616595843","0","-0.251231527093596"
"78","Arsenic","2010","0.0621677875901135","0.0574913611047883","0","0"
"79","Arsenic","2011","100+","100+","0","0.333333333333333"
"80","Arsenic","2012","100+","100+","0","0"
"81","Arsenic","2013","100+","100+","0","0"
"82","Arsenic","2014","100+","0.011287703487192","0","0.0749650665783674"
"83","Arsenic","2015","0.0427832057863018","0.0400452724949629","100+","0.223753710127866"
"84","Arsenic","2016","0.0267328183208401","0.00390772691020593","0","0.00419255657916159"
"85","Atrazine","1998","0","0","0","0"
"86","Atrazine","1999","0","100+","0","0"
"87","Atrazine","2000","68.5718643012761","18.9383928571429","0","0"
"88","Atrazine","2001","0.0803350970017637","0.113647342995169","0","0"
"89","Atrazine","2002","-0.0476923076923077","-0.0763461538461539","0","0"
"90","Atrazine","2003","0","0","0","0"
"91","Atrazine","2004","100+","100+","0","0"
"92","Atrazine","2005","100+","100+","0","0"
"93","Atrazine","2006","0.157858426103461","0.243735672760225","0","0"
"94","Atrazine","2007","0.026013618333197","0.0776850232685172","0","0"
"95","Atrazine","2008","0.407407407407407","0.396396396396396","0","0"
"96","Atrazine","2009","0","0","0","0"
"97","Atrazine","2010","0","0","0","0"
"98","Atrazine","2012","-0.230723076923077","-0.285657142857143","0","0"
"99","Atrazine","2013","-0.0204040816326531","0","0","0"
"100","Atrazine","2014","11.0349634191019","34.8852535980913","0","0"
"101","Atrazine","2015","0","0","-0.0831666666666667","0"
"102","Atrazine","2016","0","0","0","0"
"103","Barium","2008","0.0891048186493692","0.0656068233959179","0","0"
"104","Barium","2009","0.233173921410734","0.27220480624137","0","0"
"105","Barium","2012","-0.121179108248074","-0.0788544083604567","0","0"
"106","Benzo(a)anthracene","2008","0.0164123176456978","0","0","0"
"107","Benzo(a)anthracene","2009","-0.00245098039215686","0","0.75","0"
"108","Benzo(a)pyrene","2003","0","0","0","0"
"109","Benzo(a)pyrene","2008","0.192062956124154","0","0","0"
"110","Benzo(a)pyrene","2009","-0.0529411764705882","-0.6","0","0"
"111","Benzo(b)fluoranthene","2003","0","0","0","0"
"112","Benzo(b)fluoranthene","2008","0.235084450614707","0","0","0"
"113","Benzo(b)fluoranthene","2009","-0.0529411764705882","8.36785714285714","0.05","0"
"114","Benzo(g,h,i)perylene","2003","0","0","0","0"
"115","Benzo(g,h,i)perylene","2009","1","1.33333333333333","0","0"
"116","Benzo(k)fluoranthene","2003","0","0","0","0"
"117","Benzo(k)fluoranthene","2008","0.191866379503747","0","0","0"
"118","Benzo(k)fluoranthene","2009","-0.0529411764705882","-0.6","-0.0454545454545455","0"
"119","Berilium","2012","0","0","0","0"
"120","beta-Hexaxchlorocyclohexane","2005","13.5296351381788","50.6432017997769","0","0"
"121","beta-Hexaxchlorocyclohexane","2006","0.640790422485641","0.88277550303233","0","0"
"122","beta-Hexaxchlorocyclohexane","2007","0.0401924272114202","-0.0282947064290534","0","0"
"123","Bicarbonates","1999","-0.0139748697598907","0.00958537441650919","0","0"
"124","Bicarbonates","2000","0.0129692673962974","0.0123563320108077","0","0"
"125","Bicarbonates","2001","0.0130777250970996","-0.00207896148562173","0","0"
"126","Bicarbonates","2002","0.022654965488595","0.0337075089361724","0","0"
"127","Bicarbonates","2003","0.0255340802532679","0.0402146955974021","0","0"
"128","Bicarbonates","2004","0.0153579347362377","0.14271437119947","0","0"
"129","Bicarbonates","2005","0.0209940558608476","0.0713620959393239","0","0"
"130","Bicarbonates","2006","0.00356256633594716","0.0069215183882164","0","0"
"131","Bicarbonates","2007","0.0123953899666555","0.00696437405218787","0","0"
"132","Bicarbonates","2008","0.00588466449192481","0.00835205683697668","0","0"
"133","Bicarbonates","2009","0.00853370393143278","0.00557835678321303","0.0120514581053785","0.0816371138134374"
"134","Bicarbonates","2010","0.00336537151334654","0","0.00836685465322967","0"
"135","Bicarbonates","2011","-0.000585316374082338","-0.0029176729048691","0.0164031613548492","0.0486835650195174"
"136","Bicarbonates","2012","0.00194359479565961","0","0.00894148356577237","0"
"137","Bicarbonates","2013","0.0144309434408528","0","0.174507970800837","0"
"138","Bicarbonates","2014","0.00587051316810921","0.0153082958031318","0.0690201094340996","0.0105481497170924"
"139","Bicarbonates","2015","0.00485480924721767","0.00221923532983396","0.0453009753836572","0.0522758955720002"
"140","Bicarbonates","2016","0.00203372711068247","-0.00414675545734694","0.0145059933670136","-0.00071860321029053"
"141","Biochemical Oxygen","1998","100+","0.0160085624599148","0","0"
"142","Biochemical Oxygen","1999","100+","0.046647102492495","0","0"
"143","Biochemical Oxygen","2000","0.0219034238827145","0.0400534603501193","0","0"
"144","Biochemical Oxygen","2001","0.0314679669890872","-0.0054903769684563","0","0"
"145","Biochemical Oxygen","2002","0.0984319092005022","0.0565925788382595","0","0"
"146","Biochemical Oxygen","2003","0.111111453354389","0.0506850823863978","0","0"
"147","Biochemical Oxygen","2004","0.0574585735237641","0.0903972708058118","0","0"
"148","Biochemical Oxygen","2005","35.3565599281979","0.0982276539657129","0","0"
"149","Biochemical Oxygen","2006","0.0940112283620121","0.168290869082024","0","0"
"150","Biochemical Oxygen","2007","0.0615778095103134","0.125476616189878","0","0"
"151","Biochemical Oxygen","2008","0.0618500916142566","100+","0","0"
"152","Biochemical Oxygen","2009","0.0401102403546712","0.0455816486318832","100+","0.0482665970078733"
"153","Biochemical Oxygen","2010","0.0418547405032937","0.252781410249665","0.178050343774022","0.17028885052581"
"154","Biochemical Oxygen","2011","100+","100+","0.367513261860575","0.133294671011011"
"155","Biochemical Oxygen","2012","100+","100+","0.496309144271464","0.189741044046219"
"156","Biochemical Oxygen","2013","100+","100+","0.509020975209627","0.127422323983754"
"157","Biochemical Oxygen","2014","100+","100+","0.380262114652412","0.0991917522493148"
"158","Biochemical Oxygen","2015","100+","98.8153578665892","0.756277884971969","0.453290808170858"
"159","Biochemical Oxygen","2016","0.056304018076078","70.3757825559787","1.86603034045783","0.13806019191447"
"160","Boron","2012","-0.0262768346380312","0.0474747474747475","0","0"
"161","Cadmium","1998","100+","0.0854808179453511","0","0"
"162","Cadmium","1999","100+","100+","0","0"
"163","Cadmium","2000","7.11197130943662","0.976900498955039","0","0"
"164","Cadmium","2001","2.14280952444421","1.27417173242372","0","0"
"165","Cadmium","2002","0.667318008348402","0.417082819275403","0","0"
"166","Cadmium","2003","1.22349186415263","1.06021783890981","0","0"
"167","Cadmium","2004","100+","0.535425593313689","0","0"
"168","Cadmium","2005","2.23210928213833","3.74521814615178","0","0"
"169","Cadmium","2006","2.37803226911673","1.14501153321165","0","0"
"170","Cadmium","2007","1.69371247110397","2.03556021799383","0","0"
"171","Cadmium","2008","1.29442726429814","0.561189178266272","0","0"
"172","Cadmium","2009","0.0262847336018186","0.689079342681255","0","0"
"173","Cadmium","2010","1.23930211271037","0.0256496295194264","0.222222222222222","11.2666666666667"
"174","Cadmium","2011","75.1259638529623","99.8349368438157","0","5.71563610112237"
"175","Cadmium","2012","100+","100+","0","100+"
"176","Cadmium","2013","100+","-0.0833","0","100+"
"177","Cadmium","2014","100+","100+","0","100+"
"178","Cadmium","2015","52.7441602167183","47.4500131578947","0","0.201464646464647"
"179","Cadmium","2016","100+","100+","0","0"
"180","Calcium","1998","0.00706432141714171","0.000469862638494005","0","0"
"181","Calcium","1999","0.0199271123274669","0.0237354346699188","0","0"
"182","Calcium","2000","0.00294570162061049","0.00312397190663255","0","0"
"183","Calcium","2001","0.00882542138651507","3.79400400804829e-05","0","0"
"184","Calcium","2002","0.0123021450297403","0.00367098665315344","0","0"
"185","Calcium","2003","0.0206979269502238","0.0464399307416474","0","0"
"186","Calcium","2004","0.0314082872565427","0.0278543899957942","0","0"
"187","Calcium","2005","0.0180956529061991","0.0285623778776708","0","0"
"188","Calcium","2006","0.0178795130209847","0.0120970320059024","0","0"
"189","Calcium","2007","0.00803566860145571","0.0251087036508281","0","0"
"190","Calcium","2008","0.00660567022241336","0.0118985872386707","0","0"
"191","Calcium","2009","0.00934959971446597","0.00898550918129799","0","0.0531710007455058"
"192","Calcium","2010","0.0104360907417391","0.0165551882558732","0","0.0456666312913122"
"193","Calcium","2011","0.563796112410485","0.00667074494437343","0","0.101259941572821"
"194","Calcium","2012","0.0136744027790395","0.00469206512690418","0","0.023595407648343"
"195","Calcium","2013","0.0110046709901178","0.020148490942119","0.150838779989896","0.0360021395047724"
"196","Calcium","2014","0.0110888108145142","0.0133270970055907","0.096621542785881","0.0883603461816693"
"197","Calcium","2015","0.0084806019520845","0.00259001894000642","0.0197575362424396","0.0481699991054462"
"198","Calcium","2016","0.0344441153624193","0.00876954493229012","0.0165587424553343","-0.00060884079466195"
"199","Carbonates","2005","-0.0632911418442556","0.0677966063391748","0","0"
"200","Carbonates","2007","-0.238753817082266","-0.340149303509875","0","0"
"201","Carbonates","2008","0.0388993153650857","0.0484242713232843","0","0"
"202","Carbonates","2015","0","0","0","0"
"203","Cesium","1998","98.0196088235294","0","0","0"
"204","Chemical Oxygen Demand (Cr)","1998","100+","100+","0","0"
"205","Chemical Oxygen Demand (Cr)","1999","100+","100+","0","0"
"206","Chemical Oxygen Demand (Cr)","2000","0.045332101034105","0.0829844494533764","0","0"
"207","Chemical Oxygen Demand (Cr)","2001","0.0306808555481734","0.0243495460812912","0","0"
"208","Chemical Oxygen Demand (Cr)","2002","0.115950544088737","0.106025713249995","0","0"
"209","Chemical Oxygen Demand (Cr)","2003","0.0737296262791424","0.329550249981151","0","0"
"210","Chemical Oxygen Demand (Cr)","2004","0.0223598233313796","0.0227626616041325","0","0"
"211","Chemical Oxygen Demand (Cr)","2005","100+","0","0","0"
"212","Chemical Oxygen Demand (Cr)","2006","0.109121442403252","0.136529567221147","0","0"
"213","Chemical Oxygen Demand (Cr)","2007","0.0219601221858304","0.0322351483820407","0","0"
"214","Chemical Oxygen Demand (Cr)","2008","0.00677211313514952","0.022982831437852","0","0"
"215","Chemical Oxygen Demand (Cr)","2009","0.0125822615789376","0.0420090680970156","0.191259766744974","0.138436815385048"
"216","Chemical Oxygen Demand (Cr)","2010","0.0176916344364443","0.0325264100735613","0.224786407060715","0.118432759579913"
"217","Chemical Oxygen Demand (Cr)","2011","100+","100+","0.0778905282441361","0.0491952637712696"
"218","Chemical Oxygen Demand (Cr)","2012","100+","100+","0.529809503697908","100+"
"219","Chemical Oxygen Demand (Cr)","2013","0.0109135093205732","100+","1.26467948363645","0.425847825790945"
"220","Chemical Oxygen Demand (Cr)","2014","0.0134663913797514","100+","0.943639680713705","0.197725621182162"
"221","Chemical Oxygen Demand (Cr)","2015","0.030993678722469","0.0456604838636255","1.04777816937078","0.0103416777786517"
"222","Chemical Oxygen Demand (Cr)","2016","0.0166217984211212","0.109389550207515","0.99248773354395","0.170131085410218"
"223","Chemical Oxygen Demand (Mn)","1998","0.00284808432728264","0.0835617070041036","0","0"
"224","Chemical Oxygen Demand (Mn)","1999","0.109932982774165","0.10416561017974","0","0"
"225","Chemical Oxygen Demand (Mn)","2000","0.00674576968155201","0.00596827289533199","0","0"
"226","Chemical Oxygen Demand (Mn)","2001","0.0323141788842287","0.00763577484766096","0","0"
"227","Chemical Oxygen Demand (Mn)","2002","0.0431449548146825","0.0596715488418557","0","0"
"228","Chemical Oxygen Demand (Mn)","2003","0.0540026447525799","0.20939297176877","0","0"
"229","Chemical Oxygen Demand (Mn)","2004","0.0248393488644557","0.0584355716425596","0","0"
"230","Chemical Oxygen Demand (Mn)","2005","0.0327598259588496","0.054608620375723","0","0"
"231","Chemical Oxygen Demand (Mn)","2006","0.0499795237720564","0.250726957473079","0","0"
"232","Chemical Oxygen Demand (Mn)","2007","0.0628845012769263","0.0383915892042884","0","0"
"233","Chemical Oxygen Demand (Mn)","2008","0.0208391998369653","0.0278023363562867","0","0"
"234","Chemical Oxygen Demand (Mn)","2009","0.0223006023765344","100+","100+","0.059678079964536"
"235","Chemical Oxygen Demand (Mn)","2010","0.0271234061658962","0.0411097209471193","0.121306376360809","0.111041456782491"
"236","Chemical Oxygen Demand (Mn)","2011","0.0133352373320012","0.0285896715280874","-0.16504854368932","-0.0114650435134181"
"237","Chemical Oxygen Demand (Mn)","2012","0.0412470132378671","0.1242966703786","0","0.228686305943504"
"238","Chemical Oxygen Demand (Mn)","2013","0.023621015481235","0.055204397184834","0.101041652470649","0.120035138738292"
"239","Chemical Oxygen Demand (Mn)","2014","0.0424723009871371","0.137978237662126","0.262779983759074","0.127030717764717"
"240","Chemical Oxygen Demand (Mn)","2015","0.0314634981797603","0.0388414323704886","0.0278204578865732","0.186276699848513"
"241","Chemical Oxygen Demand (Mn)","2016","0.0174050415677644","0.0615309884112922","0.247233512978693","0.110762085281065"
"242","Chlorides","1998","0.0057352673778215","-0.0206618786073713","0","0"
"243","Chlorides","1999","0.0460908806696722","0.0576732308371245","0","0"
"244","Chlorides","2000","0.0110368069652442","0.0211339409003765","0","0"
"245","Chlorides","2001","0.0182731816692681","0.016944995097632","0","0"
"246","Chlorides","2002","0.0269407983555931","0.167129244033984","0","0"
"247","Chlorides","2003","0.0241340698037134","0.0201842640961669","0","0"
"248","Chlorides","2004","0.0150793999842894","0.0163683339430328","0","0"
"249","Chlorides","2005","0.0402399258452189","0.199801028200411","0","0"
"250","Chlorides","2006","0.0095765007594126","100+","0","0"
"251","Chlorides","2007","0.0365425956422499","0.0272542538474832","0","0"
"252","Chlorides","2008","0.0127726718972292","0.0185573667340384","0","0"
"253","Chlorides","2009","0.0185476638065128","0.0995597774772875","-0.0189005070029891","0.865790784986575"
"254","Chlorides","2010","0.00728660506596862","0.0272493259072678","0.0819245073196072","0.181741727971019"
"255","Chlorides","2011","0.0118928623054634","0.0375412637792277","-0.00417580051111084","0.291425627271311"
"256","Chlorides","2012","0.0264903880094231","0.0444268382840601","0.0684193550286742","0.131317379971151"
"257","Chlorides","2013","0.0312478892843088","0.279640205114907","0.143545094645906","0.3381791328951"
"258","Chlorides","2014","-0.000430294133203976","0.12192310363596","0.0413654314079867","0.314144366761603"
"259","Chlorides","2015","0.0278425291400739","0.122768862895093","-0.00220620807042616","0.250362376389111"
"260","Chlorides","2016","0.0319537616200261","0.0568665306231641","0.048313131983205","-0.0123866629450074"
"261","Chlorodinine","2014","0.0115015932304066","0.0170480354807652","0","0"
"262","Chlorodinine","2015","0.011875947368118","0.0142557888740795","0","0"
"263","Chlorodinine","2016","11.8478158336481","0.918338891985575","0","0"
"264","Chromium","1998","100+","0.143610022560344","0","0"
"265","Chromium","1999","0.225946227391748","0.450160514461751","0","0"
"266","Chromium","2000","1.11723941379534","0.93589781320285","0","0"
"267","Chromium","2001","0.422389334601841","0.147882577325898","0","0"
"268","Chromium","2002","1.65264318954461","0.826285691746921","0","0"
"269","Chromium","2003","1.33433453117998","1.20353587793859","0","0"
"270","Chromium","2004","0.628379319528397","0.404431400413373","0","0"
"271","Chromium","2005","0.774333023708899","1.01691169276777","0","0"
"272","Chromium","2006","2.34138127007487","1.03924579295206","0","0"
"273","Chromium","2007","0.771467123467586","0.534536876955154","0","0"
"274","Chromium","2008","0.239373435301341","0.36615807137855","0","0"
"275","Chromium","2009","0.389480855731909","100+","0.372619047619048","0.00383977907197722"
"276","Chromium","2010","0.430931392444099","0.214185096765688","0.208733738108738","0.0128057548512094"
"277","Chromium","2011","100+","100+","2.56","0.0936900727472687"
"278","Chromium","2012","100+","100+","0","100+"
"279","Chromium","2013","100+","0","0","100+"
"280","Chromium","2014","100+","100+","0","100+"
"281","Chromium","2015","100+","100+","0","100+"
"282","Chromium","2016","0.136971798817017","0.158511587141642","0","0"
"283","Chrysene","2008","0","0","0","0"
"284","Chrysene","2009","0","0","0","0"
"285","Copper","1998","100+","1.69925699759014","0","0"
"286","Copper","1999","0.180707182910282","0.407245223726833","0","0"
"287","Copper","2000","0.922062179325351","0.755447196844929","0","0"
"288","Copper","2001","0.245610983157394","0.430819868554884","0","0"
"289","Copper","2002","0.616435046537241","100+","0","0"
"290","Copper","2003","2.01964990015827","1.16479856951289","0","0"
"291","Copper","2004","0.453775965453636","0.375061417657842","0","0"
"292","Copper","2005","0.501829046053958","0.43157079830363","0","0"
"293","Copper","2006","2.19320532231569","2.69523077012798","0","0"
"294","Copper","2007","0.313673618860018","0.295432541910923","0","0"
"295","Copper","2008","0.188641894591424","0.0836824343766871","0","0"
"296","Copper","2009","0.176420873692724","0.366254163419681","-0.243081976248044","53.4260897435897"
"297","Copper","2010","0.231771605134111","0.264881649264255","0.520369840647485","1.40492631575335"
"298","Copper","2011","0.190282275519026","0.26941386150544","0.236928802660316","0.113323201620305"
"299","Copper","2012","100+","0.16484359149818","-0.557713052858684","100+"
"300","Copper","2013","0.0953299589774047","100+","0","0.409231804827551"
"301","Copper","2014","0.228708597629493","0.308333457127861","0","0.119102817471935"
"302","Copper","2015","0.0637067359849164","0.0625503649260957","0","0.29413305870826"
"303","Copper","2016","0.0706975679421066","0.114238921572532","0","0"
"304","Cyanides","2008","0.0133565645533191","0.234219899836974","0","0"
"305","Cyanides","2009","0.0254825185888309","0","0","0"
"306","Cyanides","2010","0.0664583333333333","0.123116560056859","0","0.366657036040349"
"307","Cyanides","2011","0","0","0","-0.0833314564564565"
"308","Cyanides","2012","-0.48843085106383","-0.489651639344262","0","100+"
"309","Dieldrin","2005","100+","100+","0","0"
"310","Dieldrin","2006","2.32693263494256","2.82908670719987","0","0"
"311","Dieldrin","2007","0.661913965325406","0.217975969511426","0","0"
"312","Dieldrin","2009","0.666666666666667","1.33333333333333","0","0"
"313","Dissolved organic carbon","2008","-0.0216374224662188","-0.0193470814026395","0","0"
"314","Dissolved organic carbon","2014","0","0","0.00982704454675486","0"
"315","Dissolved oxygen","1998","0.0106169606012925","-0.00841145157712185","0","0"
"316","Dissolved oxygen","1999","100+","100+","0","0"
"317","Dissolved oxygen","2000","0.0258285339356396","0.0251100775732244","0","0"
"318","Dissolved oxygen","2001","0.00919997810077288","0.00286333628624006","0","0"
"319","Dissolved oxygen","2002","0.00975483234588945","0.00312396283305624","0","0"
"320","Dissolved oxygen","2003","0.0143410539654026","0.0359597677749091","0","0"
"321","Dissolved oxygen","2004","0.00694428783203184","0.0138174615119866","0","0"
"322","Dissolved oxygen","2005","0.00349866967075459","-0.00302283714951403","0","0"
"323","Dissolved oxygen","2006","0.0375140679632115","0.028545719306954","0","0"
"324","Dissolved oxygen","2007","0.00747930993045586","0.00568202739812802","0","0"
"325","Dissolved oxygen","2008","0.00650435147333735","0.00301576697561523","0","0"
"326","Dissolved oxygen","2009","0.00503242046143799","0.011081989583523","0.0410953851973881","0.0159634627996936"
"327","Dissolved oxygen","2010","0.0113435176242565","0.00690285834328961","0.0654205904996176","0.00382461417567486"
"328","Dissolved oxygen","2011","0.00787146969850034","0.0103046132208702","0.00327496876644446","0.0515638713047573"
"329","Dissolved oxygen","2012","0.00976882329441311","0.00301205581330441","0.00526294663658828","0.00595189462067866"
"330","Dissolved oxygen","2013","0.0382794251788783","100+","0.140117225951399","0.00375531379961901"
"331","Dissolved oxygen","2014","0.00816643157366419","0.00903177661447202","0.149303895526948","0.0248331552940945"
"332","Dissolved oxygen","2015","0.00838093554412576","0.00126806439910164","0.0164337374626348","0.0214993882422634"
"333","Dissolved oxygen","2016","0.010416468267517","0.104017423860361","0.0276859932562844","0.00453759191556096"
"334","Dissolved silicates","2008","0","0","0","0"
"335","Dissolved silicates","2009","0","0.0445610972551589","0.202963580113233","0.0452625285484944"
"336","Dissolved silicates","2010","0","0.0337391396258849","1.9513517232958","0.0698547485767241"
"337","Dissolved silicates","2011","0","100+","0","0"
"338","Dissolved silicates","2013","0.030632889176644","0.0278312288690737","0","0"
"339","Dissolved silicates","2014","0.0186012106612412","0.114100805335878","0","0.146926644611637"
"340","Dissolved silicates","2015","0.0102761612967361","0.0908553591915222","0","0"
"341","Dissolved silicates","2016","0","0.170087073555323","0","0"
"342","Endosulfan (alpha)","2005","100+","100+","0","0"
"343","Endosulfan (alpha)","2006","30.773334394381","73.0760315819482","0","0"
"344","Endosulfan (alpha)","2007","0.164936697266365","0.113438291598155","0","0"
"345","Endosulfan (beta)","2005","50.6492572652409","100+","0","0"
"346","Endosulfan (beta)","2006","21.89107946289","44.9771514379472","0","0"
"347","Endosulfan (beta)","2007","0.510238621295336","0.26607089753217","0","0"
"348","Endrin","2005","100+","100+","0","0"
"349","Endrin","2006","2.78704526050304","5.1552736020943","0","0"
"350","Endrin","2007","1.08048520750606","0.806015548428178","0","0"
"351","Endrin","2008","0.228571428571429","0","0","0"
"352","Endrin","2009","0.747692307692308","9.06666666666666","0","0"
"353","Fecal coliforms","1998","6.95480646300613","39.0659457671958","0","0"
"354","Fecal coliforms","1999","100+","16.3328537111137","0","0"
"355","Fecal coliforms","2000","14.6225159751","12.5797611220854","0","0"
"356","Fecal coliforms","2001","14.6417653763302","3.99086706830584","0","0"
"357","Fecal coliforms","2002","11.004743467033","60","0","0"
"358","Fecal coliforms","2003","14.3685336621997","2.51849288107425","0","0"
"359","Fecal coliforms","2004","3.36493594728733","-0.364646464646465","0","0"
"360","Fecal coliforms","2005","9.23115375292894","6.27579354197001","0","0"
"361","Fecal coliforms","2006","0.866560160374896","0","0","0"
"362","Fecal coliforms","2007","12.6550784262999","31.8477273626767","0","0"
"363","Fecal coliforms","2008","43.5295917580606","100+","0","0"
"364","Fecal coliforms","2009","100+","100+","0","0"
"365","Fecal coliforms","2010","4.65065092416814","0.101709401709402","0","0"
"366","Fecal coliforms","2011","3.26102877982539","0","0","0"
"367","Fecal coliforms","2012","0.671496057424569","0","0","0"
"368","Fecal coliforms","2013","0.271126959821415","0","0","0"
"369","Fecal streptococci","1999","4.71392905074348","80.7915763888889","0","0"
"370","Fecal streptococci","2000","3.3479066255382","3.13900240883","0","0"
"371","Fecal streptococci","2001","3.32008797653959","0.611809371184371","0","0"
"372","Fecal streptococci","2002","1.0989417989418","-0.475","0","0"
"373","Fecal streptococci","2003","100+","100+","0","0"
"374","Fecal streptococci","2004","6.68590322888506","1.39227053140097","0","0"
"375","Fecal streptococci","2005","37.7393794847784","1.36895382395382","0","0"
"376","Fecal streptococci","2006","22.1872330292591","0","0","0"
"377","Fecal streptococci","2007","100+","100+","0","0"
"378","Fecal streptococci","2008","22.4997766040536","13.2105740199156","0","0"
"379","Fecal streptococci","2009","17.4455306419055","48.3245291932809","0","0"
"380","Fecal streptococci","2010","4.49995917306507","1.27276105536975","0","0"
"381","Fecal streptococci","2011","38.6080008559549","0","0","0"
"382","Fecal streptococci","2012","0.796044346984069","0","0","0"
"383","Fecal streptococci","2013","0.282330100497414","0","0","0"
"384","Fluoranthene","2003","0","0","0","0"
"385","Fluoranthene","2008","0.129497406906187","0","0","0"
"386","Fluoranthene","2009","0.235294117647059","2.66666666666667","-0.25","0"
"387","Fluorene","2009","0","0","0","0"
"388","gamma-Hexachlorocyclohexane","1998","12.8560185185185","9.75","0","0"
"389","gamma-Hexachlorocyclohexane","1999","1.19514811100023","1.37710701476825","0","0"
"390","gamma-Hexachlorocyclohexane","2000","1.10654531742767","1.29166666666667","0","0"
"391","gamma-Hexachlorocyclohexane","2001","0.456758819771782","0.569481633715037","0","0"
"392","gamma-Hexachlorocyclohexane","2002","5.46736042916894","18.0876785714286","0","0"
"393","gamma-Hexachlorocyclohexane","2003","9.35383423547433","0.147237578911787","0","0"
"394","gamma-Hexachlorocyclohexane","2004","16.8442101246759","18.7251555657321","0","0"
"395","gamma-Hexachlorocyclohexane","2005","16.0547494738414","28.0355729600918","0","0"
"396","gamma-Hexachlorocyclohexane","2006","0.591507281931047","0.37695895430193","0","0"
"397","gamma-Hexachlorocyclohexane","2007","0.31229047181615","0.0508930195100408","0","0"
"398","gamma-Hexachlorocyclohexane","2008","0.275438596491228","0.193274318274318","0","0"
"399","gamma-Hexachlorocyclohexane","2009","0.070679012345679","0.238095238095238","0","0"
"400","gamma-Hexachlorocyclohexane","2010","0.0420353982300885","0.0104166666666667","0","0"
"401","gamma-Hexachlorocyclohexane","2012","-0.230307692307692","-0.221777777777778","0","0"
"402","gamma-Hexachlorocyclohexane","2013","-0.0199312714776632","0","0","0"
"403","gamma-Hexachlorocyclohexane","2014","0","0","0","0"
"404","gamma-Hexachlorocyclohexane","2015","0","0","-0.0829166666666667","0"
"405","gamma-Hexachlorocyclohexane","2016","0","0","0","0"
"406","Heptachlor","2005","30.8986111898088","34.9085388858148","0","0"
"407","Heptachlor","2006","1.84596341199319","0.115970129987845","0","0"
"408","Heptachlor","2007","0.198281195412095","0.063279098873592","0","0"
"409","Heptachloroepoxide","2005","20.1510990692453","0","0","0"
"410","Heptachloroepoxide","2006","38.1295477423429","3.84007415578364","0","0"
"411","Heptachloroepoxide","2007","0.0408698145999248","0","0","0"
"412","Hexachlorobenzene","2008","0","0","0","0"
"413","Hexachlorobenzene","2009","-0.0365384615384615","0","0","0"
"414","Indeno(1,2,3-c,d)pyrene","2003","0","0","0","0"
"415","Indeno(1,2,3-c,d)pyrene","2009","1","1.33333333333333","0","0"
"416","Inorganic nitrogen","2010","0","0.0766295563833563","0.495837527075317","-0.0402687685973702"
"417","Inorganic nitrogen","2013","0","0","0","0"
"418","Inorganic nitrogen","2015","0","-0.873843566021867","0","0"
"419","Iron","1998","56.0233058530775","-0.0790631141820671","0","0"
"420","Iron","1999","100+","100+","0","0"
"421","Iron","2000","0.271267053858383","0.0663838398806212","0","0"
"422","Iron","2001","0.359359496109445","0.692964404418461","0","0"
"423","Iron","2002","3.5733447239909","6.04141912647367","0","0"
"424","Iron","2003","100+","100+","0","0"
"425","Iron","2004","0.53686847943636","1.27605868032774","0","0"
"426","Iron","2005","31.467863295527","0.535558652564744","0","0"
"427","Iron","2006","0.560184715859021","1.15764517427241","0","0"
"428","Iron","2007","0.863410533306027","0.704409701524424","0","0"
"429","Iron","2008","0.151705909929355","0.231390151524797","0","0"
"430","Iron","2009","-0.00483521189937145","0.000990083466486805","100+","0.243818681318681"
"431","Iron","2010","0.165653262304934","0.0394903490179855","0.294123203135587","0.598529716556984"
"432","Iron","2011","0.124483948741936","0.0202149749886897","-0.0688109161793372","0.27490597615647"
"433","Iron","2012","0.186045773868447","0.0843421795595709","0.174874250775579","0.693035672794504"
"434","Iron","2013","0.0822267156141138","0","0","0.745215962868643"
"435","Iron","2014","0.248960226875774","100+","0","100+"
"436","Iron","2015","100+","100+","0","0.121214111828404"
"437","Isodrin","2008","0","0","0","0"
"438","Isodrin","2009","-0.0376470588235294","0","0","0"
"439","Lead","1998","100+","1.69886756115674","0","0"
"440","Lead","1999","100+","0.973148193408128","0","0"
"441","Lead","2000","0.309874502702037","0.22460122325148","0","0"
"442","Lead","2001","0.453640091101581","0.476359003263225","0","0"
"443","Lead","2002","2.8946832083281","2.01220961643534","0","0"
"444","Lead","2003","0.610374765929522","1.92244901883706","0","0"
"445","Lead","2004","0.794757914994648","0.384066293160635","0","0"
"446","Lead","2005","1.82896680204745","2.099033986576","0","0"
"447","Lead","2006","1.08428814230856","4.04863822541541","0","0"
"448","Lead","2007","1.37501456128648","0.668014316491604","0","0"
"449","Lead","2008","0.154797646700431","0.193919046723493","0","0"
"450","Lead","2009","0.202029592173587","0.133449657299353","0","43.3132183908046"
"451","Lead","2010","0.172706511009666","0.0988984314236866","0.528870673952641","0.840872941759792"
"452","Lead","2011","0.101237630965799","0.128602223239287","-0.999970238095238","3.3911028220381"
"453","Lead","2012","100+","0.297925751879699","0","100+"
"454","Lead","2013","100+","1.10374417249417","0","0.461415731752153"
"455","Lead","2014","100+","0.539698937646949","0","100+"
"456","Lead","2015","0.173233142075212","0.232855643618248","0","0.684365441194614"
"457","Lead","2016","100+","100+","0","0"
"458","Macrozoobenthos","1998","100+","100+","0","0"
"459","Macrozoobenthos","1999","100+","100+","0","0"
"460","Macrozoobenthos","2000","0.000343426082418241","0.00203130378905859","0","0"
"461","Macrozoobenthos","2001","0.00836539457442295","0.0129206861007383","0","0"
"462","Macrozoobenthos","2003","0.122949206261092","-0.00461107898142086","0","0"
"463","Macrozoobenthos","2004","0.000929374287540999","-0.00490127514729102","0","0"
"464","Macrozoobenthos","2005","0.00456888287483281","0.00441831188348958","0","0"
"465","Macrozoobenthos","2006","0.00484036543733829","0.0058752831421515","0","0"
"466","Macrozoobenthos","2007","0.00278143234453708","0.00367815525759938","0","0"
"467","Macrozoobenthos","2008","0.000347648902464395","0","0","0"
"468","Macrozoobenthos","2009","0.0362119030688176","0","0","0"
"469","Macrozoobenthos","2010","-0.0071989851259085","0","0","0"
"470","Macrozoobenthos","2011","-0.00336476820442915","0","0","0.00693054532779214"
"471","Macrozoobenthos","2012","0.00572231672850027","0","0.0214592274678112","0"
"472","Macrozoobenthos","2013","0.00625373272208936","0.00597623361866252","0","0"
"473","Macrozoobenthos","2014","6.329279075289","4.9831979247583","0","0"
"474","Macrozoobenthos","2016","0","0","-0.0292969501173032","0.0269647153167603"
"475","Magnesium","1998","0.0353385766605102","0.0125724765238181","0","0"
"476","Magnesium","1999","0.0590284476632612","0.0531694776523112","0","0"
"477","Magnesium","2000","0.069210574945542","0.0507370637871366","0","0"
"478","Magnesium","2001","0.078633968886433","0.0490481530990722","0","0"
"479","Magnesium","2002","0.0381136399509399","0.0733442604281997","0","0"
"480","Magnesium","2003","0.0594768056973148","0.0480394851503505","0","0"
"481","Magnesium","2004","0.0429576480409832","0.127614059702228","0","0"
"482","Magnesium","2005","0.0356902390338445","0.0836592303591048","0","0"
"483","Magnesium","2006","0.0823033714592236","0.0753737237791407","0","0"
"484","Magnesium","2007","0.0347080233556419","0.0148017132281912","0","0"
"485","Magnesium","2008","0.0463232225012644","0.0422752540417866","0","0"
"486","Magnesium","2009","0.0355243845479241","0.044799452861869","0","0.16897011601448"
"487","Magnesium","2010","0.0345826789645008","0.064306424051834","0","0.287730644317017"
"488","Magnesium","2011","0.0999309199699606","0.243554199129524","0","0.291476758660132"
"489","Magnesium","2012","0.0260930705307263","0.0911443328323033","0","0.278985644895065"
"490","Magnesium","2013","0.029282722251951","0.0996304172219077","0.279065685339411","0.0751951690138428"
"491","Magnesium","2014","0.0233327250032542","0.0302551172632096","0.152921122612077","0.903764033477149"
"492","Magnesium","2015","0.0314632166599167","0.0260539505600228","0.0327304106089481","0.0907852503602079"
"493","Magnesium","2016","0.0460300834750948","0.0517479917921188","0.185271698356849","0.140784357210217"
"494","Manganese","1998","100+","100+","0","0"
"495","Manganese","1999","100+","100+","0","0"
"496","Manganese","2000","100+","100+","0","0"
"497","Manganese","2001","0.844873501028","1.18088541609476","0","0"
"498","Manganese","2002","100+","100+","0","0"
"499","Manganese","2003","100+","100+","0","0"
"500","Manganese","2004","39.9388147847676","11.3825737279705","0","0"
"501","Manganese","2005","0.623802276187935","0.506712889474039","0","0"
"502","Manganese","2006","0.35408704295522","0.792853660162684","0","0"
"503","Manganese","2007","1.76663008030291","2.09741421112441","0","0"
"504","Manganese","2008","24.8107034735792","32.4160770114635","0","0"
"505","Manganese","2009","22.3689956511157","58.3481114915835","72.0270466532748","0.674249031007752"
"506","Manganese","2010","2.8142191800054","8.801073298035","0.944884213087824","100+"
"507","Manganese","2011","49.9475697976554","-0.04522670312144","0.963079743562116","-0.122776254229191"
"508","Manganese","2012","33.4251074151744","14.2610013175231","-0.0686899440346752","100+"
"509","Manganese","2013","100+","0","100+","89.6241729212487"
"510","Manganese","2014","100+","17.1063171396505","100+","100+"
"511","Manganese","2015","76.4896093984329","27.012642515121","82.2300573711237","100+"
"512","Mercury","1998","0","0","0","0"
"513","Mercury","2005","100+","0","0","0"
"514","Mercury","2006","76.9881036463386","11.9273249165067","0","0"
"515","Mercury","2007","0.264817366157644","0.0748280769933949","0","0"
"516","Mercury","2008","0.211399106332281","0.275714296705768","0","0"
"517","Mercury","2009","0.167989265129429","0.190181773602813","0","0"
"518","Mercury","2010","0.154204099008765","0.0301889724433359","0","0"
"519","Mercury","2011","0.211264686528785","-0.00105973002898821","0","0"
"520","Mercury","2012","55.4198054461822","-0.00205526047386654","0","0"
"521","Mercury","2013","43.4085588656222","40.5765151515152","0","0.568376068376068"
"522","Mercury","2014","26.0047466004722","30.6761920239518","0","0"
"523","Mercury","2015","69.472767388006","51.1569099677897","0.0341145833333334","-0.0405784536036637"
"524","Mercury","2016","39.1148504721357","12.6487743266442","0","27.2931253117578"
"525","Methoxychlor","2005","0.142866157457588","-0.0625","0","0"
"526","Methoxychlor","2006","5.87084006777894","0","0","0"
"527","Methylosmoline","2014","0.00751194218921151","0.0070145340182751","0","0"
"528","Methylosmoline","2015","0.675080455711342","0.363372213445084","0","0"
"529","Methylosmoline","2016","1.30197612017388","1.30420544690942","0","0"
"530","Metolachlor","2005","79.1105390134579","19.8510800462488","0","0"
"531","Metolachlor","2006","6.84067233114252","15.4212043298218","0","0"
"532","Metolachlor","2007","0.199996202546873","0.506402394597169","0","0"
"533","Naphthalene","2008","0.120378965162947","0","0","0"
"534","Naphthalene","2009","-0.00540129095116307","0.0833333333333334","0","0"
"535","Nickel","1998","100+","0.384722602089269","0","0"
"536","Nickel","1999","100+","100+","0","0"
"537","Nickel","2001","-0.338348007267457","-0.207517833874423","0","0"
"538","Nickel","2002","100+","-0.072762354997205","0","0"
"539","Nickel","2003","2.91504333884356","4.05449225763719","0","0"
"540","Nickel","2004","0.481244142759164","0.273722947549136","0","0"
"541","Nickel","2005","0.602642807940339","0.613047236421336","0","0"
"542","Nickel","2006","1.24861284934654","0.397039528905865","0","0"
"543","Nickel","2007","0.779756782497117","0.425986706674014","0","0"
"544","Nickel","2008","0.107961310784239","0.0847218105489626","0","0"
"545","Nickel","2009","0.0757241004954597","0.269421183264084","0","0"
"546","Nickel","2010","0.106241886631255","0.0935112217858916","0","4.035145576995"
"547","Nickel","2011","100+","100+","1.25714285714286","100+"
"548","Nickel","2012","0.0702259714608649","100+","0","100+"
"549","Nickel","2013","100+","100+","0","0.0820559250117885"
"550","Nickel","2014","100+","100+","0","0.319412796647285"
"551","Nickel","2015","100+","100+","0","0.0791226220649917"
"552","Nickel","2016","100+","100+","0","0"
"553","Nitrates","1998","0.0907555195327364","-0.00419895940961509","0","0"
"554","Nitrates","1999","0.222608786602256","0.102726592419423","0","0"
"555","Nitrates","2000","0.150152195635331","0.0935385609588136","0","0"
"556","Nitrates","2001","0.336941282197003","0.0850619409317433","0","0"
"557","Nitrates","2002","100+","0.171034016642032","0","0"
"558","Nitrates","2003","0.0567102421930952","0.0667999603741575","0","0"
"559","Nitrates","2004","0.0191598905760748","0.117434507892974","0","0"
"560","Nitrates","2005","100+","0.164683703545915","0","0"
"561","Nitrates","2006","0.324207244251532","0.207490629510255","0","0"
"562","Nitrates","2007","0.182923220164289","0.122845113837462","0","0"
"563","Nitrates","2008","0.131133344444632","0.0389521397808691","0","0"
"564","Nitrates","2009","0.0899187812265679","0.216176003129615","0.958622679263042","0.413421107863255"
"565","Nitrates","2010","0.0875237904793028","0.042072661833022","1.03293443508451","0.0354164111296471"
"566","Nitrates","2011","0.036974775946617","0.0734363012105551","0.394662352759798","0.19618290307961"
"567","Nitrates","2012","59.1019969434346","0.101645827680528","0.0920292731916751","0.0232877347582233"
"568","Nitrates","2013","0.0238059505283631","0.056268966424498","1.64841397211744","0.0756741010196584"
"569","Nitrates","2014","0.102406994935088","100+","0.117767162194773","0.107727345818551"
"570","Nitrates","2015","0.0248975901344164","0.0256745548066845","0.197201220202953","0.107863380678384"
"571","Nitrates","2016","0.0467301565017868","0.0326719218135907","0.221366961764227","0.549574143773921"
"572","Nitrites","1998","0.214775910364146","-0.124669312169312","0","0"
"573","Nitrites","1999","0.16050493688289","0.407928409459022","0","0"
"574","Nitrites","2000","0.303565520501004","0.238773148148148","0","0"
"575","Nitrites","2001","0.335217511533301","0.235234403839055","0","0"
"576","Nitrites","2002","0.7989997633945","0.999798268398268","0","0"
"577","Nitrites","2003","1.15200119662508","0.480418031801742","0","0"
"578","Nitrites","2004","0.168856283969595","0.825676548924588","0","0"
"579","Nitrites","2005","1.80499742069876","0.625945892499545","0","0"
"580","Nitrites","2006","0.712129424326905","0.63550515970645","0","0"
"581","Nitrites","2007","0.479228648414783","0.782514381477803","0","0"
"582","Nitrites","2008","1.00455779388703","13.9693896487475","0","0"
"583","Nitrites","2009","0.304753725099795","1.02674384495002","44.9988131726967","0.222905518394649"
"584","Nitrites","2010","0.130342346070329","0.262263920933489","0.637743553017055","0.556141129638572"
"585","Nitrites","2011","0.130806188943446","0.421320787437496","0.624984591362117","0.27304440796928"
"586","Nitrites","2012","1.14697886278606","0.285782118178471","0.856707097326743","-0.0250693398791225"
"587","Nitrites","2013","0.281365751401152","0.249659680470283","0.407015025142291","0.161577886986929"
"588","Nitrites","2014","0.129296716867718","1.08200124214819","0.682226572286554","0.159612251617978"
"589","Nitrites","2015","2.61517313925508","10.8022611830707","0.156552075227831","9.32677205361343"
"590","Nitrites","2016","0.0995836323004536","0.19013618559398","37.3747376188937","8.98253579694101"
"591","Organic nitrogen","2009","0","100+","0","0.0762396925397398"
"592","Organic nitrogen","2010","0","100+","0","0"
"593","Organic nitrogen","2011","0","-0.0416493055555556","0","0"
"594","Organic nitrogen","2012","0","100+","0","0"
"595","Organic nitrogen","2013","-0.0407953639110752","0","0","0"
"596","Organic nitrogen","2015","0","0","0","-0.999913569576491"
"597","Orthophosphate-phosphorus","1998","0.0840479781656252","0.489471363594171","0","0"
"598","Orthophosphate-phosphorus","1999","0.130979072660004","0.326770805724887","0","0"
"599","Orthophosphate-phosphorus","2000","0.315984901941346","0.668129324379324","0","0"
"600","Orthophosphate-phosphorus","2001","0.17942931688858","0.290163712256735","0","0"
"601","Orthophosphate-phosphorus","2002","0.512148045551532","0.686545930428909","0","0"
"602","Orthophosphate-phosphorus","2003","3.05194736315318","0.922239364825786","0","0"
"603","Orthophosphate-phosphorus","2004","21.5481247385117","24.8421048171586","0","0"
"604","Orthophosphate-phosphorus","2005","6.16156276046658","6.30143454047788","0","0"
"605","Orthophosphate-phosphorus","2006","0.810636787201688","2.43359158999515","0","0"
"606","Orthophosphate-phosphorus","2007","0.70081002193772","1.02887452241875","0","0"
"607","Orthophosphate-phosphorus","2008","0.620351040197206","0.762969613766097","0","0"
"608","Orthophosphate-phosphorus","2009","0.452592388760144","0.442727368042237","25.4858081003934","0.421742762679093"
"609","Orthophosphate-phosphorus","2010","0.526784460469363","0.398602931960507","0.455431916464018","0.446079064366282"
"610","Orthophosphate-phosphorus","2011","16.0736198569863","33.6845575711964","0.331480409180554","69.9937269251081"
"611","Orthophosphate-phosphorus","2012","13.8211080567685","29.2966932503696","0.127931070357201","44.1244641850199"
"612","Orthophosphate-phosphorus","2013","7.8230680181969","9.79464969296749","0.706114512138661","4.76584873524436"
"613","Orthophosphate-phosphorus","2014","1.86899098651619","49.7574812006455","88.3564829045338","100+"
"614","Orthophosphate-phosphorus","2015","0.129077373748508","1.65937516345999","58.5637039829362","45.9895989193164"
"615","Orthophosphate-phosphorus","2016","4.03170531309968","9.35186662250953","0.163238687649795","0.355333211234523"
"616","Oxygen saturation","2005","0.00375671762130681","-0.00378591722013924","0","0"
"617","Oxygen saturation","2006","0.0566687010665532","0.0224303813464674","0","0"
"618","Oxygen saturation","2007","0.00729217060934612","0.00458865571300673","0","0"
"619","Oxygen saturation","2008","0.00730657436319056","0.00795821191087281","0","0"
"620","Oxygen saturation","2009","0.00191630511519102","0.00137353685487071","0.0463611312400029","0.0164826203743181"
"621","Oxygen saturation","2010","0.00898410153929407","0.00836059543412533","0.085250216450622","0"
"622","Oxygen saturation","2011","0.00595195078703776","0.00644249157630822","0.00175602160032144","0.0156658306177334"
"623","Oxygen saturation","2012","0.00999092633003145","-0.000326047850596714","0.0114908498877341","0"
"624","Oxygen saturation","2013","0.0094864509693086","0","0.127504822271099","0"
"625","Oxygen saturation","2014","0.00519248636603611","0.00540260513937612","0.109444184680845","-0.00742733411671747"
"626","Oxygen saturation","2015","0.00777587375174787","0.00577829770022354","0.0235139334280365","0.0232054898691956"
"627","Oxygen saturation","2016","-0.00112385559806717","0.00565547391906986","0.0308461546385264","0.00121130738744564"
"628","p,p-DDD","2005","55.1449064076563","36.1343821793606","0","0"
"629","p,p-DDD","2006","0.68311682996915","0.395213715878133","0","0"
"630","p,p-DDD","2007","0.35716106770891","0.416027056884806","0","0"
"631","p,p-DDE","2005","35.7741212566175","19.7490502407355","0","0"
"632","p,p-DDE","2006","0.365734688159905","0.381971592184981","0","0"
"633","p,p-DDE","2007","0.0299325124579245","0.00921717171717171","0","0"
"634","p,p-DDT","1998","6.35577777777778","0","0","0"
"635","p,p-DDT","1999","100+","18.2973649781694","0","0"
"636","p,p-DDT","2000","2.13068962264382","0.765097259062776","0","0"
"637","p,p-DDT","2001","1.91310546539046","3.43237703136711","0","0"
"638","p,p-DDT","2002","12.5339628252286","1.23346562776304","0","0"
"639","p,p-DDT","2003","58.4132749485022","100+","0","0"
"640","p,p-DDT","2004","7.00585365871816","8.68982238204206","0","0"
"641","p,p-DDT","2005","24.008037806301","63.8910854826033","0","0"
"642","p,p-DDT","2006","7.85139203667211","14.3928501145451","0","0"
"643","p,p-DDT","2007","0.202302606189969","0.160537439101153","0","0"
"644","p,p-DDT","2008","0.295027903310991","0.261305136305136","0","0"
"645","p,p-DDT","2009","0.0908950617283951","0.210779220779221","0","0"
"646","p,p-DDT","2010","0.0810276679841897","-0.0227272727272727","0","0"
"647","p,p-DDT","2012","-0.230307692307692","12.5903932411674","0","2"
"648","p,p-DDT","2013","100+","0","0","-0.32"
"649","p,p-DDT","2014","0","0","0","0"
"650","p,p-DDT","2015","0","0","0","0"
"651","p,p-DDT","2016","0","0","0","0"
"652","PAHs","2002","0","0","0","0"
"653","PCB 101","2003","0","0","0","0"
"654","PCB 101","2008","0.198048088010549","0","0","0"
"655","PCB 101","2009","0.0576923076923077","0.666666666666667","0","0"
"656","PCB 118","2009","0","0","0","0"
"657","PCB 138","2003","0","0","0","0"
"658","PCB 138","2008","0.0285714285714286","0","0","0"
"659","PCB 138","2009","0.060633963494133","0.666666666666667","0","0"
"660","PCB 153","2003","0","0","0","0"
"661","PCB 153","2008","0.0285714285714286","0","0","0"
"662","PCB 153","2009","0.0576923076923077","0.666666666666667","0","0"
"663","PCB 180","2003","0","0","0","0"
"664","PCB 180","2008","0.133407434103019","0","0","0"
"665","PCB 180","2009","0.0576923076923077","0.666666666666667","0","0"
"666","PCB 28","2003","0","0","0","0"
"667","PCB 52","2003","-0.0833333333333333","0","0","0"
"668","Pentachlorobenzene","2008","0","0","0","0"
"669","Pentachlorobenzene","2009","0","0","0","0"
"670","Petroleum hydrocarbons","2002","0","0","0","0"
"671","Petroleum hydrocarbons","2004","100+","100+","0","0"
"672","Petroleum hydrocarbons","2005","100+","51.5755795403486","0","0"
"673","Petroleum hydrocarbons","2006","52.4635997107458","58.556340113617","0","0"
"674","Petroleum hydrocarbons","2007","100+","100+","0","0"
"675","Petroleum hydrocarbons","2008","0.0171905538991604","0.0170923419593662","0","0"
"676","Petroleum hydrocarbons","2009","0.111552521303276","20.2720684611323","0","0"
"677","Petroleum hydrocarbons","2010","0.996430652680653","1.79390441006696","0","0"
"678","Petroleum hydrocarbons","2011","-0.079941568627451","-0.199941176470588","0","0"
"679","Petroleum hydrocarbons","2012","100+","100+","0","0"
"680","Petroleum hydrocarbons","2014","-0.0833328703703704","100+","0.00118518518518519","0"
"681","Petroleum hydrocarbons","2015","100+","100+","100+","-0.1249375"
"682","Petroleum hydrocarbons","2016","66.7496730904873","95.6787108183081","100+","0"
"683","Phenanthrene","2008","0","0","0","0"
"684","Phenanthrene","2009","0","0","0","0"
"685","Potassium","1998","0.0204542704131223","0.0412643203333342","0","0"
"686","Potassium","1999","0.0607708977374312","0.0792729605216103","0","0"
"687","Potassium","2000","0.0380358323702717","0.056824712190324","0","0"
"688","Potassium","2001","0.0341513651003986","0.0297655096107069","0","0"
"689","Potassium","2002","0.0292909258404367","0","0","0"
"690","Potassium","2003","0.0578247012702404","0","0","0"
"691","Potassium","2004","0.0129252500127242","0","0","0"
"692","Potassium","2005","0.0668783413011965","0.088260819876232","0","0"
"693","Potassium","2006","0.0169745945171829","0","0","0"
"694","Potassium","2007","0.0484662265137078","0.0437420939626822","0","0"
"695","Potassium","2008","0.0379214492045307","0.0280743301565978","0","0"
"696","Potassium","2009","0.0168110904392056","0.0547524184383481","0","0"
"697","Potassium","2010","0.0246532481830061","-0.0212023157921162","0","0"
"698","Potassium","2011","0.0248404047668018","0.0515035044028304","0","0"
"699","Potassium","2012","0.0408112031408528","0.00574696302267404","0","0"
"700","Potassium","2013","0.00607417288365353","0.00449266603425623","0","0"
"701","Potassium","2014","0.0377763887213139","0.326282826737817","0.0127107428672764","0.0962924440189367"
"702","Potassium","2015","0.00789652925879681","-0.00378595291470945","0","0.0406675701071672"
"703","Potassium","2016","0.00634325920247185","-0.0226070177059736","0","0.437733554404197"
"704","Pyrene","2008","0.334864144445178","0","0","0"
"705","Pyrene","2009","0.0763305322128851","0","0","0"
"706","Selenium","2008","0.665983951174363","4.01510692774461","0","0"
"707","Selenium","2009","1.50384595651546","0.538522443590052","0","0"
"708","Silica (SiO2)","2003","0.0339588331754136","0.0457167957510112","0","0"
"709","Silica (SiO2)","2004","0.219181593824599","0.415454400263506","0","0"
"710","Silica (SiO2)","2005","0.0939022619653497","0.0744129619319115","0","0"
"711","Silica (SiO2)","2006","0.106726245596648","0.152959695192518","0","0"
"712","Silica (SiO2)","2007","0.0272751441293423","0.0199157710653649","0","0"
"713","Silica (SiO2)","2008","0.0543811188851535","0.016305690205454","0","0"
"714","Silica (SiO2)","2009","0.149652268741482","0.222502479583977","0","0"
"715","Silica (SiO2)","2010","0.0649971847212497","0.00798261554398238","0","0"
"716","Silica (SiO2)","2012","-0.0204416810083061","0.158087898497946","0","0"
"717","Silica (SiO2)","2014","-0.423772117424081","0","0","0"
"718","Simazine","2005","100+","0.0149921319102354","0","0"
"719","Simazine","2006","0.763814057673803","0.733344556221972","0","0"
"720","Simazine","2007","-0.00151035178187223","-0.0313324396269456","0","0"
"721","Simazine","2009","0.222222222222222","0.444444444444445","0","0"
"722","Sodium","1998","0.0161174759411786","0.0428911914494382","0","0"
"723","Sodium","1999","0.0706599839967833","0.0487299966817531","0","0"
"724","Sodium","2000","0.013419424717947","0.01578880176278","0","0"
"725","Sodium","2001","0.0433892342607108","0.0329580787773885","0","0"
"726","Sodium","2002","0.0428279924519479","0","0","0"
"727","Sodium","2003","0.0314042500261099","0","0","0"
"728","Sodium","2004","-0.00208401307456682","0","0","0"
"729","Sodium","2005","0.0250518853340967","0.284110111474999","0","0"
"730","Sodium","2006","-0.00283893512466107","0","0","0"
"731","Sodium","2007","0.0478949031414355","0.0559482188276278","0","0"
"732","Sodium","2008","0.0704888845186419","-0.0153651712301721","0","0"
"733","Sodium","2009","0.0139793453551976","0.0409863122014697","0","0.437194810690467"
"734","Sodium","2010","0.00411964081982991","-0.025975018080278","0","0"
"735","Sodium","2011","0.0713734327515324","0.0117097468552365","0","0"
"736","Sodium","2012","0.0202147665559299","0.015435414487679","0","0"
"737","Sodium","2013","0.0257421148680358","-0.00972659193911464","0","0"
"738","Sodium","2014","0.0150984478144529","0.261148180123302","-0.0260787680295952","0.202543354168404"
"739","Sodium","2015","0.00299705156418719","0.00658433207946988","0","0.0861950451004352"
"740","Sodium","2016","0.00714760643173842","-0.0417977349191132","0","0.0884505033779261"
"741","Sulfides","2008","0","0","0","0"
"742","Sulfides","2009","0.0312458663049969","-0.0108517625421955","0","0"
"743","Sulfides","2012","10.8444287682574","-0.0137337029442293","0","0"
"744","Sulphates","1998","0.032801730046757","0.084884466782997","0","0"
"745","Sulphates","1999","0.0391663346507667","0.00321937481493143","0","0"
"746","Sulphates","2000","0.037306920630625","0.0351119878701366","0","0"
"747","Sulphates","2001","0.0135123025695332","-0.007015460698056","0","0"
"748","Sulphates","2002","0.104715708231003","0.0967308845017765","0","0"
"749","Sulphates","2003","0.0685378520298036","0.198865603395274","0","0"
"750","Sulphates","2004","0.0440772906896876","0.0324536576643414","0","0"
"751","Sulphates","2005","0.056788945799667","0.0772787995412733","0","0"
"752","Sulphates","2006","0.0412476119949648","100+","0","0"
"753","Sulphates","2007","0.0526006770487297","0.057541200932219","0","0"
"754","Sulphates","2008","0.0250200316114253","0.00551639784675802","0","0"
"755","Sulphates","2009","0.0106777957563573","0.00374361911591403","0.0970394736842105","0.699974572696692"
"756","Sulphates","2010","0.0356911932989068","0.0165425631002136","0","1.1433871133588"
"757","Sulphates","2011","0.0431266046292072","0.011741538700758","0","0.0660932471456013"
"758","Sulphates","2012","0.0684738607508307","0.0166545048278172","0","0.00518886919171381"
"759","Sulphates","2013","0.041969356731577","0.101538244082365","0.0257571029837326","0.195606392889802"
"760","Sulphates","2014","0.0459056245386163","0.125095251016852","0.0423666809906101","0.0388244068811612"
"761","Sulphates","2015","0.0275101207739371","-5.69488608036807e-05","0.00520160606805419","0.145099120382034"
"762","Sulphates","2016","0.0219395525782272","-0.0284738225538026","0.0236391048560364","0.740690552108735"
"763","Tetrachloromethane","2008","0","0","0","0"
"764","Tetrachloromethane","2009","0.214078025518625","0","0","0"
"765","Tetrachloromethane","2010","-0.0391904478795085","-0.04","0","0"
"766","Total coliforms","1998","100+","100+","0","0"
"767","Total coliforms","1999","100+","100+","0","0"
"768","Total coliforms","2000","17.2162914859118","100+","0","0"
"769","Total coliforms","2001","21.6540131423592","19.4655177681165","0","0"
"770","Total coliforms","2002","3.99968667202144","6","0","0"
"771","Total coliforms","2003","82.2712215518442","18.7477190606235","0","0"
"772","Total coliforms","2004","5.46181718684896","-0.265811965811966","0","0"
"773","Total coliforms","2005","21.3099197587672","8.26029821261699","0","0"
"774","Total coliforms","2006","0.633668021345638","0","0","0"
"775","Total coliforms","2007","10.4803010190033","55.7620026939939","0","0"
"776","Total coliforms","2008","41.970730005303","16.5691225586299","0","0"
"777","Total coliforms","2009","51.1712105491429","100+","0","6.70698885566035"
"778","Total coliforms","2010","5.15071376784226","-0.217616334283001","0","0"
"779","Total coliforms","2011","0.83892481768263","0","0","16.7815292442897"
"780","Total coliforms","2012","1.38904162184463","0","0","0"
"781","Total coliforms","2013","0.314955606195793","0","0","0"
"782","Total dissolved phosphorus","2015","0.0833691635926587","0.13799714640217","0","0"
"783","Total dissolved phosphorus","2016","0.0659358691834007","0.234065790281255","0","0"
"784","Total dissolved salts","2005","0.0110066972478677","0.0256011976444822","0","0"
"785","Total dissolved salts","2006","0.0462685393188936","100+","0","0"
"786","Total dissolved salts","2007","0.0104672775747934","0.0170892327728974","0","0"
"787","Total dissolved salts","2008","0.00716824861789773","0.00553555765810559","0","0"
"788","Total dissolved salts","2009","0.00128986062647218","0.0178176046788377","-0.0262648930425398","0.151798950005315"
"789","Total dissolved salts","2010","0.0097061368847083","0.0168364811953985","0.0569873347053054","0.1171675073472"
"790","Total dissolved salts","2011","0.00467756360261003","0.00586020123049037","0.00993455616599828","0.0301318000456743"
"791","Total dissolved salts","2012","0.00577901521871187","0.0143064542669445","0.0098123046741922","0.0935607181415118"
"792","Total dissolved salts","2013","0.00937949984421159","0.0622661346509497","0.120078758817936","0.179953038369891"
"793","Total dissolved salts","2014","0.00372911896375493","0.0512864595684655","0.0015224788229241","0.143116274130987"
"794","Total dissolved salts","2015","0.00283575287124156","0.0177398579239453","0.00419566384490277","0.0152325261279655"
"795","Total dissolved salts","2016","0.00821794571886885","0.00621187123321153","0.0236616717872179","0.0389350995646929"
"796","Total extractable matter","1999","0.234270152505447","0","0","0"
"797","Total extractable matter","2000","0.029224424739315","-0.072375408496732","0","0"
"798","Total extractable matter","2001","0.134154115838608","0.128578785980102","0","0"
"799","Total extractable matter","2003","2.77877742543396","1.38125","0","0"
"800","Total extractable matter","2004","-0.166555555555556","0","0","0"
"801","Total extractable matter","2008","0.797565466448445","6.44952604866398","0","0"
"802","Total extractable matter","2010","-0.111983254840398","-0.140625","0","0"
"803","Total extractable matter","2014","6.61111111111111","6.61111111111111","0","0"
"804","Total hardness","2005","0.248298323146599","0.401096636278287","0","0"
"805","Total hardness","2006","0.0666353030146181","0.00424777952244149","0","0"
"806","Total hardness","2007","0.0120777827754351","0.0100254254588163","0","0"
"807","Total hardness","2008","0.0593389722338322","0.00534666001426656","0","0"
"808","Total hardness","2009","-0.000117928558243313","-0.00546033755430416","0","0"
"809","Total hardness","2010","0.00145819548950164","0","0","0"
"810","Total hardness","2011","-0.04109555160444","0","0","0"
"811","Total hardness","2012","-0.0113348651400608","-0.281535036827501","0","0"
"812","Total hardness","2014","1.12448651128729","0.464840989840029","-0.0189619456819094","0.150205415572388"
"813","Total hardness","2015","0.00502686685647161","0.0161228200786799","0.0447585684484841","-0.0207162354591675"
"814","Total hardness","2016","0.00420634642383099","0.00560493911816009","0.0173383256249657","0.0521365619511799"
"815","Total nitrogen","2005","0.0364542697769734","0.102390179729792","0","0"
"816","Total nitrogen","2006","0.0855209197705563","0.127238191982672","0","0"
"817","Total nitrogen","2007","0.0652773477286617","0.0715593911227122","0","0"
"818","Total nitrogen","2008","0.01440946780363","0.00426424622659682","0","0"
"819","Total nitrogen","2009","0.0384453683838758","0.0970298440828583","0","0.0715791782938329"
"820","Total nitrogen","2010","0.0317526150056701","0.0523978759156019","0","0.382854966975634"
"821","Total nitrogen","2011","0.0149298116656409","100+","0","0"
"822","Total nitrogen","2012","0.0320289998334614","100+","0","0.708065403839581"
"823","Total nitrogen","2013","0.0240368831537731","0.0504088113862323","0.381363106880002","0.116888436451272"
"824","Total nitrogen","2014","0.0338983011390369","0.0426759632255623","0.209712516217559","-0.00183150183150183"
"825","Total nitrogen","2015","0.015086275483472","0.0292570728032628","-0.0281625039609966","0.380056104309892"
"826","Total nitrogen","2016","0.0152436811884246","0.0277394812076924","0.342006533558246","0.105641104683489"
"827","Total organic carbon","2008","0.130415814268885","0.161090259800329","0","0"
"828","Total organic carbon","2009","0.0719610228754522","0.103269613091026","0","0"
"829","Total organic carbon","2013","0.0235544700451771","0","0.209787073120866","0"
"830","Total organic carbon","2014","0.0242576616640308","0.0131318297926054","-0.0128709143834906","0"
"831","Total organic carbon","2015","0.0905041319737728","0.00261399347906557","0.0520889980887531","0"
"832","Total organic carbon","2016","0.0081645177264909","0","0","0"
"833","Total phosphorus","1998","0.0315197533947534","55.616068511627","0","0"
"834","Total phosphorus","1999","0.082103551642404","0.573590481742892","0","0"
"835","Total phosphorus","2000","0.304296144467781","0.571945981918408","0","0"
"836","Total phosphorus","2001","0.107753040241772","0.062553405200464","0","0"
"837","Total phosphorus","2002","0.163812682681594","0.152794782050101","0","0"
"838","Total phosphorus","2003","0.229545012529669","0.589312790325356","0","0"
"839","Total phosphorus","2004","7.61107905567225","0.404835217058917","0","0"
"840","Total phosphorus","2005","0.184073594822228","0.693335628939095","0","0"
"841","Total phosphorus","2006","0.28239789949369","15.2677535171371","0","0"
"842","Total phosphorus","2007","0.32057926212116","0.387434817666741","0","0"
"843","Total phosphorus","2008","0.29865407529629","0.156956847913707","0","0"
"844","Total phosphorus","2009","0.386054144606587","0.182597639400718","0.118524793883812","4.44601102937836"
"845","Total phosphorus","2010","0.287725793834238","0.267591107925074","0.139204526792349","0.483428130651886"
"846","Total phosphorus","2011","0.0959961141866154","0.146165701319415","0.184375969748174","0.284994356565849"
"847","Total phosphorus","2012","7.24727305524912","13.8345126463167","0.215009482470087","0.388753706014597"
"848","Total phosphorus","2013","0.157296604546333","4.23440406839095","0.538225843132419","0.659562390721023"
"849","Total phosphorus","2014","0.0860341232666843","0.673587332329917","0.0970876374918658","2.34847008446122"
"850","Total phosphorus","2015","0.0604331659432587","0.146274820315482","0.0151766369319372","0.259147203779014"
"851","Total phosphorus","2016","0.0750386795997821","0.246407911559492","0.087489318990401","0.183739523299289"
"852","Trifluralin","2009","0","0","0","0"
"853","Water temperature","1998","0.165163064804521","-0.129795692115218","0","0"
"854","Water temperature","1999","100+","100+","0","0"
"855","Water temperature","2000","0.0626698548955759","0.121156121425551","0","0"
"856","Water temperature","2001","0.127933721989893","0.146645995873027","0","0"
"857","Water temperature","2002","52.7100680122755","100+","0","0"
"858","Water temperature","2003","0.0239068861129936","0.0438202421177672","0","0"
"859","Water temperature","2004","100+","100+","0","0"
"860","Water temperature","2005","100+","0.377108528306076","0","0"
"861","Water temperature","2006","100+","0.0740297607783418","0","0"
"862","Water temperature","2007","0.124779806643168","0.115844650456318","0","0"
"863","Water temperature","2008","100+","100+","0","0"
"864","Water temperature","2009","0.0168233420937025","0.0220073085457521","0.101892755936874","0.156904539703438"
"865","Water temperature","2010","100+","0.206076025694924","0.203923010271824","0.462463702315074"
"866","Water temperature","2011","0.0619799562326187","0.197141920923442","0.0626743754860098","1.57068565092632"
"867","Water temperature","2012","0.113348873611912","0.088778938293175","100+","0.356881755774549"
"868","Water temperature","2013","0.0821946689557869","0.151038810582287","0.317596171943998","0.471594692130028"
"869","Water temperature","2014","0.0713737158529843","0.197464257215005","0.329985459637363","0.308877762724915"
"870","Water temperature","2015","0.0500235019227841","0.183033827176569","0.290497815415579","0.167266801817922"
"871","Water temperature","2016","0.029642323903278","0.0778282051792588","0.541293111391151","0.0694418387791571"
"872","Zinc","1998","100+","0.786121128782222","0","0"
"873","Zinc","1999","1.14886224728399","18.9723260127691","0","0"
"874","Zinc","2000","1.08367045286632","0.595340891352431","0","0"
"875","Zinc","2001","0.6629310398312","0.306412226834131","0","0"
"876","Zinc","2002","100+","100+","0","0"
"877","Zinc","2003","1.45041179169431","2.36434010283937","0","0"
"878","Zinc","2004","100+","100+","0","0"
"879","Zinc","2005","100+","100+","0","0"
"880","Zinc","2006","0.541001040546212","1.00046275668583","0","0"
"881","Zinc","2007","0.503496397081032","0.085106177180838","0","0"
"882","Zinc","2008","0.175853507797972","0.230296271264614","0","0"
"883","Zinc","2009","100+","100+","1.02857142857143","0.203866866533422"
"884","Zinc","2010","100+","100+","0.916666666666667","0.271234271293088"
"885","Zinc","2011","100+","0.169477239880342","0","0.211855918928845"
"886","Zinc","2012","0.132401182148582","0.282022117729014","0","100+"
"887","Zinc","2013","0.123027109172348","-0.0888888888888889","0","2.62175623297848"
"888","Zinc","2014","1.05758079911937","0.611801242236025","0","6.15711689242946"
"889","Zinc","2015","0","0.5","0.947877691745758","-0.058893244014594"
"890","Zinc","2016","100+","100+","0","0"
